ip,source,lineage,lat,lon,city,country,accuracy_radius,db_version,is_default_centroid,centroid_match,status,fetched_at_utc
node_02016,dbip_lite,dbip_lite,-38.1783,146.261,Yallourn,AU,,1780278471,False,,success,2026-06-07T14:33:57Z
node_02016,geojs,maxmind_geolite,-37.8159,144.9669,Melbourne,AU,,,False,,success,2026-06-07T14:33:56Z
node_02016,ip2location_lite,ip2location_lite,-37.814007,144.963165,Melbourne,AU,,1780555707,False,,success,2026-06-07T14:33:57Z
node_02016,ip_api,ipapi_com_unverified,-37.7906,144.9944,Melbourne,AU,,,False,,success,2026-06-07T14:33:55Z
node_02016,ipinfo,ipinfo,-37.814,144.9633,Melbourne,AU,,,False,,success,2026-06-07T14:33:56Z
node_02016,ipwho_is,ipwhois_unverified,-37.8136276,144.9630576,Melbourne,AU,,,False,,success,2026-06-07T14:33:56Z
node_02016,maxmind_geolite2,maxmind_geolite,-37.8159,144.9669,Melbourne,AU,50,1780418264,False,,success,2026-06-07T14:33:57Z
node_02016,reallyfreegeoip,maxmind_geolite,-37.8371,145.216,Melbourne,AU,,,False,,success,2026-06-07T14:33:57Z
node_02007,dbip_lite,dbip_lite,38.2462,21.7351,Pátrai,GR,,1780278471,False,,success,2026-06-07T14:33:39Z
node_02007,geojs,maxmind_geolite,37.9842,23.7353,Athens,GR,,,False,,success,2026-06-07T14:33:38Z
node_02007,ip2location_lite,ip2location_lite,38.827499,20.701941,Lefkada,GR,,1780555707,False,,success,2026-06-07T14:33:39Z
node_02007,ip_api,ipapi_com_unverified,38.7855,21.1142,Katoúna,GR,,,False,,success,2026-06-07T14:33:38Z
node_02007,ipinfo,ipinfo,37.9281,23.701,Palaió Fáliro,GR,,,False,,success,2026-06-07T14:33:38Z
node_02007,ipwho_is,ipwhois_unverified,38.7066464,20.64073,Lefkada,GR,,,False,,success,2026-06-07T14:33:38Z
node_02007,maxmind_geolite2,maxmind_geolite,37.9842,23.7353,Athens,GR,100,1780418264,False,,success,2026-06-07T14:33:39Z
node_02007,reallyfreegeoip,maxmind_geolite,37.9842,23.7353,Athens,GR,,,False,,success,2026-06-07T14:33:39Z
node_02010,dbip_lite,dbip_lite,37.0391,22.1126,Kalamata,GR,,1780278471,False,,success,2026-06-07T14:33:45Z
node_02010,geojs,maxmind_geolite,37.9667,23.7167,,GR,,,True,no_city,success,2026-06-07T14:33:44Z
node_02010,ip2location_lite,ip2location_lite,38.201939,20.431391,Lixourion,GR,,1780555707,False,,success,2026-06-07T14:33:45Z
node_02010,ip_api,ipapi_com_unverified,37.9842,23.7353,Athens,GR,,,False,,success,2026-06-07T14:33:44Z
node_02010,ipinfo,ipinfo,37.9838,23.7278,Athens,GR,,,False,,success,2026-06-07T14:33:44Z
node_02010,ipwho_is,ipwhois_unverified,37.0422371,22.1141264,Kalamata,GR,,,False,,success,2026-06-07T14:33:44Z
node_02010,maxmind_geolite2,maxmind_geolite,37.9667,23.7167,,GR,200,1780418264,True,no_city,success,2026-06-07T14:33:45Z
node_02010,reallyfreegeoip,maxmind_geolite,37.9673,23.7194,,GR,,,True,no_city,success,2026-06-07T14:33:45Z
node_01309,dbip_lite,dbip_lite,52.1275,5.06806,Oud-Zuilen,NL,,1780278471,False,,success,2026-06-07T14:33:50Z
node_01309,geojs,maxmind_geolite,52.3824,4.8995,,NL,,,True,no_city,success,2026-06-07T14:33:50Z
node_01309,ip2location_lite,ip2location_lite,52.218185,6.89578,Enschede,NL,,1780555707,False,,success,2026-06-07T14:33:50Z
node_01309,ip_api,ipapi_com_unverified,53.2192,6.56667,Groningen,NL,,,False,,success,2026-06-07T14:33:50Z
node_01309,ipinfo,ipinfo,52.0908,5.1222,Utrecht,NL,,,False,,success,2026-06-07T14:33:50Z
node_01309,ipwho_is,ipwhois_unverified,53.2193835,6.5665018,Groningen,NL,,,False,,success,2026-06-07T14:33:50Z
node_01309,maxmind_geolite2,maxmind_geolite,52.3824,4.8995,,NL,50,1780418264,True,no_city,success,2026-06-07T14:33:50Z
node_01309,reallyfreegeoip,maxmind_geolite,52.0394,5.6493,Ede,NL,,,False,,success,2026-06-07T14:33:50Z
node_02021,dbip_lite,dbip_lite,50.088,14.4208,Prague,CZ,,1780278471,False,,success,2026-06-07T14:34:06Z
node_02021,geojs,maxmind_geolite,50.0471,14.4523,Prague,CZ,,,False,,success,2026-06-07T14:34:05Z
node_02021,ip2location_lite,ip2location_lite,50.087936,14.420798,Prague,CZ,,1780555707,False,,success,2026-06-07T14:34:06Z
node_02021,ip_api,ipapi_com_unverified,50.0802,14.4652,Prague,CZ,,,False,,success,2026-06-07T14:34:04Z
node_02021,ipinfo,ipinfo,49.8347,18.282,Ostrava,CZ,,,False,,success,2026-06-07T14:34:05Z
node_02021,ipwho_is,ipwhois_unverified,50.0755381,14.4378005,Prague,CZ,,,False,,success,2026-06-07T14:34:05Z
node_02021,maxmind_geolite2,maxmind_geolite,50.0471,14.4523,Prague,CZ,100,1780418264,False,,success,2026-06-07T14:34:06Z
node_02021,reallyfreegeoip,maxmind_geolite,50.0761,14.4479,Prague,CZ,,,False,,success,2026-06-07T14:34:06Z
node_01992,dbip_lite,dbip_lite,-33.8369,151.206,North Sydney,AU,,1780278471,False,,success,2026-06-07T14:33:15Z
node_01992,geojs,maxmind_geolite,-33.894,151.2059,Sydney,AU,,,False,,success,2026-06-07T14:33:14Z
node_01992,ip2location_lite,ip2location_lite,-34.928661,138.598633,Adelaide,AU,,1780555707,False,,success,2026-06-07T14:33:15Z
node_01992,ip_api,ipapi_com_unverified,-33.7991,150.7829,Sydney,AU,,,False,,success,2026-06-07T14:33:14Z
node_01992,ipinfo,ipinfo,-33.8678,151.2073,Sydney,AU,,,False,,success,2026-06-07T14:33:14Z
node_01992,ipwho_is,ipwhois_unverified,-33.8688197,151.2092955,Sydney,AU,,,False,,success,2026-06-07T14:33:14Z
node_01992,maxmind_geolite2,maxmind_geolite,-33.894,151.2059,Sydney,AU,50,1780418264,False,,success,2026-06-07T14:33:15Z
node_01992,reallyfreegeoip,maxmind_geolite,-33.8983,150.995,Sydney,AU,,,False,,success,2026-06-07T14:33:15Z
node_02030,dbip_lite,dbip_lite,14.3122,121.111,Santa Rosa,PH,,1780278471,False,,success,2026-06-07T14:34:20Z
node_02030,geojs,maxmind_geolite,14.6475,121.0494,Quezon City,PH,,,False,,success,2026-06-07T14:34:19Z
node_02030,ip2location_lite,ip2location_lite,14.211655,121.165215,Calamba,PH,,1780555707,False,,success,2026-06-07T14:34:20Z
node_02030,ip_api,ipapi_com_unverified,14.6019,120.9896,Manila,PH,,,False,,success,2026-06-07T14:34:18Z
node_02030,ipinfo,ipinfo,14.6488,121.0509,Quezon City,PH,,,False,,success,2026-06-07T14:34:19Z
node_02030,ipwho_is,ipwhois_unverified,14.2843023,121.0888928,Santa Rosa,PH,,,False,,success,2026-06-07T14:34:19Z
node_02030,maxmind_geolite2,maxmind_geolite,14.6475,121.0494,Quezon City,PH,50,1780418264,False,,success,2026-06-07T14:34:20Z
node_02030,reallyfreegeoip,maxmind_geolite,13.9394,121.1669,Lipa City,PH,,,False,,success,2026-06-07T14:34:19Z
node_02029,dbip_lite,dbip_lite,14.5471,121.051,Taguig,PH,,1780278471,False,,success,2026-06-07T14:34:18Z
node_02029,geojs,maxmind_geolite,7.0712,125.6089,Davao City,PH,,,False,,success,2026-06-07T14:34:17Z
node_02029,ip2location_lite,ip2location_lite,8.0525,123.614197,Bonifacio,PH,,1780555707,False,,success,2026-06-07T14:34:18Z
node_02029,ip_api,ipapi_com_unverified,7.0712,125.6089,Davao City,PH,,,False,,success,2026-06-07T14:34:17Z
node_02029,ipinfo,ipinfo,14.6488,121.0509,Quezon City,PH,,,False,,success,2026-06-07T14:34:17Z
node_02029,ipwho_is,ipwhois_unverified,14.5176184,121.0508645,Taguig,PH,,,False,,success,2026-06-07T14:34:17Z
node_02029,maxmind_geolite2,maxmind_geolite,7.0712,125.6089,Davao City,PH,100,1780418264,False,,success,2026-06-07T14:34:18Z
node_02029,reallyfreegeoip,maxmind_geolite,7.0712,125.6089,Davao City,PH,,,False,,success,2026-06-07T14:34:18Z
node_02004,dbip_lite,dbip_lite,-21.2766,55.5177,Le Tampon,RE,,1780278471,False,,success,2026-06-07T14:33:35Z
node_02004,geojs,maxmind_geolite,-20.9258,55.3326,La Possession,RE,,,False,,success,2026-06-07T14:33:34Z
node_02004,ip2location_lite,ip2location_lite,-21.21962,55.315128,Piton Saint-Leu,RE,,1780555707,False,,success,2026-06-07T14:33:35Z
node_02004,ip_api,ipapi_com_unverified,-21.2766,55.5177,Le Tampon,RE,,,False,,success,2026-06-07T14:33:33Z
node_02004,ipinfo,ipinfo,-21.0096,55.2713,Saint-Paul,RE,,,False,,success,2026-06-07T14:33:34Z
node_02004,ipwho_is,ipwhois_unverified,-21.1747552,55.2878651,"Saint-Leu, Réunion",RE,,,False,,success,2026-06-07T14:33:34Z
node_02004,maxmind_geolite2,maxmind_geolite,-20.9258,55.3326,La Possession,RE,20,1780418264,False,,success,2026-06-07T14:33:35Z
node_02004,reallyfreegeoip,maxmind_geolite,-20.8864,55.4511,Saint-Denis,RE,,,False,,success,2026-06-07T14:33:34Z
node_02024,dbip_lite,dbip_lite,2.7241,102.001,Kampung Baharu Paroi,MY,,1780278471,False,,success,2026-06-07T14:34:11Z
node_02024,geojs,maxmind_geolite,3.107,101.6344,Petaling Jaya,MY,,,False,,success,2026-06-07T14:34:10Z
node_02024,ip2location_lite,ip2location_lite,1.444179,103.64872,Iskandar Puteri,MY,,1780555707,False,,success,2026-06-07T14:34:11Z
node_02024,ip_api,ipapi_com_unverified,5.73333,115.933,Papar,MY,,,False,,success,2026-06-07T14:34:09Z
node_02024,ipinfo,ipinfo,1.4655,103.7578,Johor Bahru,MY,,,False,,success,2026-06-07T14:34:10Z
node_02024,ipwho_is,ipwhois_unverified,1.4200356,103.6304834,Nusajaya,MY,,,False,,success,2026-06-07T14:34:10Z
node_02024,maxmind_geolite2,maxmind_geolite,3.107,101.6344,Petaling Jaya,MY,200,1780418264,False,,success,2026-06-07T14:34:11Z
node_02024,reallyfreegeoip,maxmind_geolite,3.1539,101.7451,Ampang,MY,,,False,,success,2026-06-07T14:34:10Z
node_01986,dbip_lite,dbip_lite,45.4385,10.9938,Verona,IT,,1780278471,False,,success,2026-06-07T14:33:06Z
node_01986,geojs,maxmind_geolite,45.4317,10.9859,Verona,IT,,,False,,success,2026-06-07T14:33:05Z
node_01986,ip2location_lite,ip2location_lite,46.091331,11.18468,Civezzano,IT,,1780555707,False,,success,2026-06-07T14:33:06Z
node_01986,ip_api,ipapi_com_unverified,45.4317,10.9859,Verona,IT,,,False,,success,2026-06-07T14:33:05Z
node_01986,ipinfo,ipinfo,45.4385,10.9938,Verona,IT,,,False,,success,2026-06-07T14:33:05Z
node_01986,ipwho_is,ipwhois_unverified,45.4383842,10.9916215,Verona,IT,,,False,,success,2026-06-07T14:33:05Z
node_01986,maxmind_geolite2,maxmind_geolite,45.4317,10.9859,Verona,IT,50,1780418264,False,,success,2026-06-07T14:33:06Z
node_01986,reallyfreegeoip,maxmind_geolite,45.4317,10.9859,Verona,IT,,,False,,success,2026-06-07T14:33:06Z
node_01990,dbip_lite,dbip_lite,40.7128,-74.006,New York,US,,1780278471,False,,success,2026-06-07T14:33:12Z
node_01990,geojs,maxmind_geolite,37.751,-97.822,,US,,,True,no_city,success,2026-06-07T14:33:11Z
node_01990,ip2location_lite,ip2location_lite,40.744057,-74.032349,Hoboken,US,,1780555707,False,,success,2026-06-07T14:33:12Z
node_01990,ip_api,ipapi_com_unverified,39.0438,-77.4874,Ashburn,US,,,False,,success,2026-06-07T14:33:11Z
node_01990,ipinfo,ipinfo,33.749,-84.388,Atlanta,US,,,False,,success,2026-06-07T14:33:11Z
node_01990,ipwho_is,ipwhois_unverified,40.7127837,-74.0059413,New York,US,,,False,,success,2026-06-07T14:33:11Z
node_01990,maxmind_geolite2,maxmind_geolite,37.751,-97.822,,US,1000,1780418264,True,no_city,success,2026-06-07T14:33:12Z
node_01990,reallyfreegeoip,maxmind_geolite,37.751,-97.822,,US,,,True,no_city,success,2026-06-07T14:33:12Z
node_02019,dbip_lite,dbip_lite,47.6793,-122.898,Brinnon,US,,1780278471,False,,success,2026-06-07T14:34:02Z
node_02019,geojs,maxmind_geolite,47.5364,-122.278,Seattle,US,,,False,,success,2026-06-07T14:34:01Z
node_02019,ip2location_lite,ip2location_lite,47.604309,-122.329842,Seattle,US,,1780555707,False,,success,2026-06-07T14:34:02Z
node_02019,ip_api,ipapi_com_unverified,47.4936,-122.2415,Seattle,US,,,False,,success,2026-06-07T14:34:00Z
node_02019,ipinfo,ipinfo,47.6062,-122.3321,Seattle,US,,,False,,success,2026-06-07T14:34:01Z
node_02019,ipwho_is,ipwhois_unverified,47.6062095,-122.3320708,Seattle,US,,,False,,success,2026-06-07T14:34:01Z
node_02019,maxmind_geolite2,maxmind_geolite,47.5364,-122.278,Seattle,US,50,1780418264,False,,success,2026-06-07T14:34:02Z
node_02019,reallyfreegeoip,maxmind_geolite,47.3957,-122.3036,Seattle,US,,,False,,success,2026-06-07T14:34:01Z
node_02012,dbip_lite,dbip_lite,41.85,-87.65,Chicago,US,,1780278471,False,,success,2026-06-07T14:33:48Z
node_02012,geojs,maxmind_geolite,41.85,-87.7165,Chicago,US,,,False,,success,2026-06-07T14:33:47Z
node_02012,ip2location_lite,ip2location_lite,41.875771,-87.620605,Chicago,US,,1780555707,False,,success,2026-06-07T14:33:48Z
node_02012,ip_api,ipapi_com_unverified,41.923,-87.7531,Chicago,US,,,False,,success,2026-06-07T14:33:47Z
node_02012,ipinfo,ipinfo,41.85,-87.65,Chicago,US,,,False,,success,2026-06-07T14:33:47Z
node_02012,ipwho_is,ipwhois_unverified,39.2131131,-84.5993899,White Oak,US,,,False,,success,2026-06-07T14:33:47Z
node_02012,maxmind_geolite2,maxmind_geolite,41.85,-87.7165,Chicago,US,50,1780418264,False,,success,2026-06-07T14:33:48Z
node_02012,reallyfreegeoip,maxmind_geolite,41.85,-87.7165,Chicago,US,,,False,,success,2026-06-07T14:33:48Z
node_02017,dbip_lite,dbip_lite,38.5891,-121.303,Rancho Cordova,US,,1780278471,False,,success,2026-06-07T14:33:59Z
node_02017,geojs,maxmind_geolite,38.5674,-121.32,Sacramento,US,,,False,,success,2026-06-07T14:33:58Z
node_02017,ip2location_lite,ip2location_lite,38.58157,-121.4944,Sacramento,US,,1780555707,False,,success,2026-06-07T14:33:59Z
node_02017,ip_api,ipapi_com_unverified,38.5824,-121.3736,Sacramento,US,,,False,,success,2026-06-07T14:33:57Z
node_02017,ipinfo,ipinfo,38.5816,-121.4944,Sacramento,US,,,False,,success,2026-06-07T14:33:58Z
node_02017,ipwho_is,ipwhois_unverified,38.5815719,-121.4943996,Sacramento,US,,,False,,success,2026-06-07T14:33:58Z
node_02017,maxmind_geolite2,maxmind_geolite,38.5674,-121.32,Sacramento,US,200,1780418264,False,,success,2026-06-07T14:33:59Z
node_02017,reallyfreegeoip,maxmind_geolite,38.6639,-121.3388,Sacramento,US,,,False,,success,2026-06-07T14:33:58Z
node_01333,dbip_lite,dbip_lite,48.147,-103.618,Williston,US,,1780278471,False,,success,2026-06-07T14:33:55Z
node_01333,geojs,maxmind_geolite,33.8212,-84.3578,Atlanta,US,,,False,,success,2026-06-07T14:33:55Z
node_01333,ip2location_lite,ip2location_lite,44.979969,-93.263908,Minneapolis,US,,1780555707,False,,success,2026-06-07T14:33:55Z
node_01333,ip_api,ipapi_com_unverified,33.9395,-84.2008,Norcross,US,,,False,,success,2026-06-07T14:33:54Z
node_01333,ipinfo,ipinfo,44.98,-93.2638,Minneapolis,US,,,False,,success,2026-06-07T14:33:55Z
node_01333,ipwho_is,ipwhois_unverified,33.9412127,-84.2135309,Norcross,US,,,False,,success,2026-06-07T14:33:55Z
node_01333,maxmind_geolite2,maxmind_geolite,33.8212,-84.3578,Atlanta,US,50,1780418264,False,,success,2026-06-07T14:33:55Z
node_01333,reallyfreegeoip,maxmind_geolite,44.9834,-93.2623,Minneapolis,US,,,False,,success,2026-06-07T14:33:55Z
node_02015,dbip_lite,dbip_lite,45.0533,-93.2475,Hilltop,US,,1780278471,False,,success,2026-06-07T14:33:54Z
node_02015,geojs,maxmind_geolite,33.8212,-84.3578,Atlanta,US,,,False,,success,2026-06-07T14:33:53Z
node_02015,ip2location_lite,ip2location_lite,44.979969,-93.263908,Minneapolis,US,,1780555707,False,,success,2026-06-07T14:33:54Z
node_02015,ip_api,ipapi_com_unverified,33.9395,-84.2008,Norcross,US,,,False,,success,2026-06-07T14:33:53Z
node_02015,ipinfo,ipinfo,44.98,-93.2638,Minneapolis,US,,,False,,success,2026-06-07T14:33:53Z
node_02015,ipwho_is,ipwhois_unverified,33.7489954,-84.3879824,Atlanta,US,,,False,,success,2026-06-07T14:33:53Z
node_02015,maxmind_geolite2,maxmind_geolite,33.8212,-84.3578,Atlanta,US,50,1780418264,False,,success,2026-06-07T14:33:54Z
node_02015,reallyfreegeoip,maxmind_geolite,44.9834,-93.2623,Minneapolis,US,,,False,,success,2026-06-07T14:33:54Z
node_01234,dbip_lite,dbip_lite,34.0522,-118.244,Los Angeles,US,,1780278471,False,,success,2026-06-07T14:33:25Z
node_01234,geojs,maxmind_geolite,33.9555,-118.2863,Los Angeles,US,,,False,,success,2026-06-07T14:33:25Z
node_01234,ip2location_lite,ip2location_lite,34.05257,-118.243904,Los Angeles,US,,1780555707,False,,success,2026-06-07T14:33:25Z
node_01234,ip_api,ipapi_com_unverified,33.9993,-118.2868,Los Angeles,US,,,False,,success,2026-06-07T14:33:24Z
node_01234,ipinfo,ipinfo,33.2407,-117.3025,Oceanside,US,,,False,,success,2026-06-07T14:33:25Z
node_01234,ipwho_is,ipwhois_unverified,34.0522342,-118.2436849,Los Angeles,US,,,False,,success,2026-06-07T14:33:25Z
node_01234,maxmind_geolite2,maxmind_geolite,33.9555,-118.2863,Los Angeles,US,20,1780418264,False,,success,2026-06-07T14:33:25Z
node_01234,reallyfreegeoip,maxmind_geolite,33.9484,-118.2493,Los Angeles,US,,,False,,success,2026-06-07T14:33:25Z
node_02020,dbip_lite,dbip_lite,32.7157,-117.161,San Diego,US,,1780278471,False,,success,2026-06-07T14:34:03Z
node_02020,geojs,maxmind_geolite,33.2109,-117.2232,Vista,US,,,False,,success,2026-06-07T14:34:03Z
node_02020,ip2location_lite,ip2location_lite,32.733974,-117.144547,San Diego,US,,1780555707,False,,success,2026-06-07T14:34:03Z
node_02020,ip_api,ipapi_com_unverified,33.1981,-117.2471,Vista,US,,,False,,success,2026-06-07T14:34:02Z
node_02020,ipinfo,ipinfo,32.7157,-117.1647,San Diego,US,,,False,,success,2026-06-07T14:34:02Z
node_02020,ipwho_is,ipwhois_unverified,32.715738,-117.1610838,San Diego,US,,,False,,success,2026-06-07T14:34:02Z
node_02020,maxmind_geolite2,maxmind_geolite,33.2109,-117.2232,Vista,US,10,1780418264,False,,success,2026-06-07T14:34:03Z
node_02020,reallyfreegeoip,maxmind_geolite,33.1986,-117.2461,Vista,US,,,False,,success,2026-06-07T14:34:03Z
node_01987,dbip_lite,dbip_lite,46.4247,12.3642,Pieve di Cadore,IT,,1780278471,False,,success,2026-06-07T14:33:08Z
node_01987,geojs,maxmind_geolite,46.1355,11.1111,Lavis,IT,,,False,,success,2026-06-07T14:33:07Z
node_01987,ip2location_lite,ip2location_lite,45.43412,10.997721,Verona,IT,,1780555707,False,,success,2026-06-07T14:33:08Z
node_01987,ip_api,ipapi_com_unverified,46.4907,11.3398,Bolzano,IT,,,False,,success,2026-06-07T14:33:06Z
node_01987,ipinfo,ipinfo,46.0679,11.1211,Trento,IT,,,False,,success,2026-06-07T14:33:07Z
node_01987,ipwho_is,ipwhois_unverified,46.4982953,11.3547582,Bolzano,IT,,,False,,success,2026-06-07T14:33:07Z
node_01987,maxmind_geolite2,maxmind_geolite,46.1355,11.1111,Lavis,IT,200,1780418264,False,,success,2026-06-07T14:33:08Z
node_01987,reallyfreegeoip,maxmind_geolite,46.3752,11.6554,Moena,IT,,,False,,success,2026-06-07T14:33:07Z
node_01985,dbip_lite,dbip_lite,45.4199,11.1302,Vago,IT,,1780278471,False,,success,2026-06-07T14:33:05Z
node_01985,geojs,maxmind_geolite,46.01,11.3075,Levico Terme,IT,,,False,,success,2026-06-07T14:33:04Z
node_01985,ip2location_lite,ip2location_lite,45.43412,10.997721,Verona,IT,,1780555707,False,,success,2026-06-07T14:33:05Z
node_01985,ip_api,ipapi_com_unverified,46.01,11.3075,Levico Terme,IT,,,False,,success,2026-06-07T14:33:03Z
node_01985,ipinfo,ipinfo,45.4208,11.0956,San Martino Buon Albergo,IT,,,False,,success,2026-06-07T14:33:04Z
node_01985,ipwho_is,ipwhois_unverified,45.4383842,10.9916215,Verona,IT,,,False,,success,2026-06-07T14:33:04Z
node_01985,maxmind_geolite2,maxmind_geolite,46.01,11.3075,Levico Terme,IT,100,1780418264,False,,success,2026-06-07T14:33:05Z
node_01985,reallyfreegeoip,maxmind_geolite,45.6019,9.6041,Verdellino,IT,,,False,,success,2026-06-07T14:33:04Z
node_01989,dbip_lite,dbip_lite,45.4609,10.1798,Poncarale,IT,,1780278471,False,,success,2026-06-07T14:33:11Z
node_01989,geojs,maxmind_geolite,46.01,11.3075,Levico Terme,IT,,,False,,success,2026-06-07T14:33:10Z
node_01989,ip2location_lite,ip2location_lite,45.43412,10.997721,Verona,IT,,1780555707,False,,success,2026-06-07T14:33:11Z
node_01989,ip_api,ipapi_com_unverified,46.01,11.3075,Levico Terme,IT,,,False,,success,2026-06-07T14:33:09Z
node_01989,ipinfo,ipinfo,44.4048,8.9444,Genoa,IT,,,False,,success,2026-06-07T14:33:10Z
node_01989,ipwho_is,ipwhois_unverified,46.013024,11.2977599,Levico Terme,IT,,,False,,success,2026-06-07T14:33:10Z
node_01989,maxmind_geolite2,maxmind_geolite,46.01,11.3075,Levico Terme,IT,100,1780418264,False,,success,2026-06-07T14:33:11Z
node_01989,reallyfreegeoip,maxmind_geolite,45.6019,9.6041,Verdellino,IT,,,False,,success,2026-06-07T14:33:10Z
node_02003,dbip_lite,dbip_lite,50.1269,7.0074,Lutzerath,DE,,1780278471,False,,success,2026-06-07T14:33:33Z
node_02003,geojs,maxmind_geolite,50.1088,8.7647,Offenbach,DE,,,False,,success,2026-06-07T14:33:32Z
node_02003,ip2location_lite,ip2location_lite,51.251835,9.407454,Baunatal,DE,,1780555707,False,,success,2026-06-07T14:33:33Z
node_02003,ip_api,ipapi_com_unverified,49.9879,8.297,Mainz,DE,,,False,,success,2026-06-07T14:33:32Z
node_02003,ipinfo,ipinfo,48.7823,9.177,Stuttgart,DE,,,False,,success,2026-06-07T14:33:32Z
node_02003,ipwho_is,ipwhois_unverified,49.9315042,8.6500832,Darmstadt,DE,,,False,,success,2026-06-07T14:33:32Z
node_02003,maxmind_geolite2,maxmind_geolite,50.1088,8.7647,Offenbach,DE,100,1780418264,False,,success,2026-06-07T14:33:33Z
node_02003,reallyfreegeoip,maxmind_geolite,50.1188,8.6401,Frankfurt am Main,DE,,,False,,success,2026-06-07T14:33:33Z
node_02002,dbip_lite,dbip_lite,47.2029,8.94896,Tuggen,CH,,1780278471,False,,success,2026-06-07T14:33:32Z
node_02002,geojs,maxmind_geolite,47.1449,8.1551,,CH,,,True,no_city,success,2026-06-07T14:33:31Z
node_02002,ip2location_lite,ip2location_lite,47.225571,8.82228,Rapperswil,CH,,1780555707,False,,success,2026-06-07T14:33:32Z
node_02002,ip_api,ipapi_com_unverified,47.424,9.08689,Jonschwil,CH,,,False,,success,2026-06-07T14:33:30Z
node_02002,ipinfo,ipinfo,47.3667,8.55,Zürich,CH,,,False,,success,2026-06-07T14:33:31Z
node_02002,ipwho_is,ipwhois_unverified,47.4245451,9.08619,Jonschwil,CH,,,False,,success,2026-06-07T14:33:31Z
node_02002,maxmind_geolite2,maxmind_geolite,47.1449,8.1551,,CH,100,1780418264,True,no_city,success,2026-06-07T14:33:32Z
node_02002,reallyfreegeoip,maxmind_geolite,47.4338,9.3612,St. Gallen,CH,,,False,,success,2026-06-07T14:33:31Z
node_01401,dbip_lite,dbip_lite,52.0667,5.19861,Bunnik,NL,,1780278471,False,,success,2026-06-07T14:34:04Z
node_01401,geojs,maxmind_geolite,52.1976,5.4631,Nijkerkerveen,NL,,,False,,success,2026-06-07T14:34:04Z
node_01401,ip2location_lite,ip2location_lite,52.10461,4.27557,Scheveningen,NL,,1780555707,False,,success,2026-06-07T14:34:04Z
node_01401,ip_api,ipapi_com_unverified,52.1599,5.3954,Amersfoort,NL,,,False,,success,2026-06-07T14:34:03Z
node_01401,ipinfo,ipinfo,52.0333,5.6583,Ede,NL,,,False,,success,2026-06-07T14:34:04Z
node_01401,ipwho_is,ipwhois_unverified,52.195124,5.4665941,Nijkerkerveen,NL,,,False,,success,2026-06-07T14:34:04Z
node_01401,maxmind_geolite2,maxmind_geolite,52.1976,5.4631,Nijkerkerveen,NL,50,1780418264,False,,success,2026-06-07T14:34:04Z
node_01401,reallyfreegeoip,maxmind_geolite,52.6325,4.7538,Alkmaar,NL,,,False,,success,2026-06-07T14:34:04Z
node_02011,dbip_lite,dbip_lite,52.0025,5.45972,Amerongen,NL,,1780278471,False,,success,2026-06-07T14:33:47Z
node_02011,geojs,maxmind_geolite,51.9931,5.9401,Arnhem,NL,,,False,,success,2026-06-07T14:33:46Z
node_02011,ip2location_lite,ip2location_lite,52.091099,5.1221,Utrecht,NL,,1780555707,False,,success,2026-06-07T14:33:47Z
node_02011,ip_api,ipapi_com_unverified,52.2686,6.1471,Deventer,NL,,,False,,success,2026-06-07T14:33:45Z
node_02011,ipinfo,ipinfo,52.9967,6.5625,Assen,NL,,,False,,success,2026-06-07T14:33:46Z
node_02011,ipwho_is,ipwhois_unverified,52.2660751,6.1552165,Deventer,NL,,,False,,success,2026-06-07T14:33:46Z
node_02011,maxmind_geolite2,maxmind_geolite,51.9931,5.9401,Arnhem,NL,100,1780418264,False,,success,2026-06-07T14:33:47Z
node_02011,reallyfreegeoip,maxmind_geolite,52.3373,4.9642,Diemen,NL,,,False,,success,2026-06-07T14:33:46Z
node_01991,dbip_lite,dbip_lite,60.1699,24.9384,Helsinki,FI,,1780278471,False,,success,2026-06-07T14:33:14Z
node_01991,geojs,maxmind_geolite,61.0759,24.0894,Iittala,FI,,,False,,success,2026-06-07T14:33:13Z
node_01991,ip2location_lite,ip2location_lite,60.719292,24.85878,Vantaa,FI,,1780555707,False,,success,2026-06-07T14:33:14Z
node_01991,ip_api,ipapi_com_unverified,61.0759,24.0894,Iittala,FI,,,False,,success,2026-06-07T14:33:12Z
node_01991,ipinfo,ipinfo,60.1695,24.9354,Helsinki,FI,,,False,,success,2026-06-07T14:33:13Z
node_01991,ipwho_is,ipwhois_unverified,60.291261,24.9653261,Vantaa,FI,,,False,,success,2026-06-07T14:33:13Z
node_01991,maxmind_geolite2,maxmind_geolite,61.0759,24.0894,Iittala,FI,100,1780418264,False,,success,2026-06-07T14:33:14Z
node_01991,reallyfreegeoip,maxmind_geolite,60.1797,24.9344,Helsinki,FI,,,False,,success,2026-06-07T14:33:13Z
node_01982,dbip_lite,dbip_lite,29.3375,47.6581,Al Jahra,KW,,1780278471,False,,success,2026-06-07T14:33:00Z
node_01982,geojs,maxmind_geolite,29.3706,47.9697,Kuwait City,KW,,,False,,success,2026-06-07T14:32:59Z
node_01982,ip2location_lite,ip2location_lite,29.225281,48.101669,Al Funaytis,KW,,1780555707,False,,success,2026-06-07T14:33:00Z
node_01982,ip_api,ipapi_com_unverified,29.3706,47.9697,Kuwait City,KW,,,False,,success,2026-06-07T14:32:59Z
node_01982,ipinfo,ipinfo,29.2775,47.9586,Al Farwānīyah,KW,,,False,,success,2026-06-07T14:32:59Z
node_01982,ipwho_is,ipwhois_unverified,29.375859,47.9774052,Kuwait City,KW,,,False,,success,2026-06-07T14:32:59Z
node_01982,maxmind_geolite2,maxmind_geolite,29.3706,47.9697,Kuwait City,KW,10,1780418264,False,,success,2026-06-07T14:33:00Z
node_01982,reallyfreegeoip,maxmind_geolite,29.3645,47.9889,Kuwait City,KW,,,False,,success,2026-06-07T14:33:00Z
node_01999,dbip_lite,dbip_lite,56.5047,21.0109,Liepāja,LV,,1780278471,False,,success,2026-06-07T14:33:27Z
node_01999,geojs,maxmind_geolite,56.9473,24.0979,Riga,LV,,,False,,success,2026-06-07T14:33:26Z
node_01999,ip2location_lite,ip2location_lite,56.479889,23.38895,Tervete,LV,,1780555707,False,,success,2026-06-07T14:33:27Z
node_01999,ip_api,ipapi_com_unverified,56.9473,24.0979,Riga,LV,,,False,,success,2026-06-07T14:33:25Z
node_01999,ipinfo,ipinfo,56.946,24.1059,Riga,LV,,,False,,success,2026-06-07T14:33:26Z
node_01999,ipwho_is,ipwhois_unverified,56.6215,23.2773,Tērvete,LV,,,False,,success,2026-06-07T14:33:26Z
node_01999,maxmind_geolite2,maxmind_geolite,56.9473,24.0979,Riga,LV,20,1780418264,False,,success,2026-06-07T14:33:27Z
node_01999,reallyfreegeoip,maxmind_geolite,56.9496,24.0978,Riga,LV,,,False,,success,2026-06-07T14:33:27Z
node_02001,dbip_lite,dbip_lite,56.5352,21.1678,Grobiņa,LV,,1780278471,False,,success,2026-06-07T14:33:30Z
node_02001,geojs,maxmind_geolite,56.9473,24.0979,Riga,LV,,,False,,success,2026-06-07T14:33:29Z
node_02001,ip2location_lite,ip2location_lite,56.941292,24.289825,Ulbroka,LV,,1780555707,False,,success,2026-06-07T14:33:30Z
node_02001,ip_api,ipapi_com_unverified,56.9473,24.0979,Riga,LV,,,False,,success,2026-06-07T14:33:29Z
node_02001,ipinfo,ipinfo,56.946,24.1059,Riga,LV,,,False,,success,2026-06-07T14:33:29Z
node_02001,ipwho_is,ipwhois_unverified,56.539632,21.166892,Grobiņa,LV,,,False,,success,2026-06-07T14:33:29Z
node_02001,maxmind_geolite2,maxmind_geolite,56.9473,24.0979,Riga,LV,20,1780418264,False,,success,2026-06-07T14:33:30Z
node_02001,reallyfreegeoip,maxmind_geolite,56.9496,24.0978,Riga,LV,,,False,,success,2026-06-07T14:33:30Z
node_01983,dbip_lite,dbip_lite,51.7592,5.49849,Heihoek,NL,,1780278471,False,,success,2026-06-07T14:33:02Z
node_01983,geojs,maxmind_geolite,51.839,4.9536,Gorinchem,NL,,,False,,success,2026-06-07T14:33:01Z
node_01983,ip2location_lite,ip2location_lite,51.441029,5.478038,Eindhoven,NL,,1780555707,False,,success,2026-06-07T14:33:02Z
node_01983,ip_api,ipapi_com_unverified,51.8293,4.695,Papendrecht,NL,,,False,,success,2026-06-07T14:33:00Z
node_01983,ipinfo,ipinfo,52.374,4.8897,Amsterdam,NL,,,False,,success,2026-06-07T14:33:01Z
node_01983,ipwho_is,ipwhois_unverified,51.8424811,4.6941834,Papendrecht,NL,,,False,,success,2026-06-07T14:33:01Z
node_01983,maxmind_geolite2,maxmind_geolite,51.839,4.9536,Gorinchem,NL,50,1780418264,False,,success,2026-06-07T14:33:02Z
node_01983,reallyfreegeoip,maxmind_geolite,51.1062,5.8822,Echt,NL,,,False,,success,2026-06-07T14:33:01Z
node_02022,dbip_lite,dbip_lite,54.5762,-1.23483,Middlesbrough,GB,,1780278471,False,,success,2026-06-07T14:34:08Z
node_02022,geojs,maxmind_geolite,51.4964,-0.1224,,GB,,,True,no_city,success,2026-06-07T14:34:07Z
node_02022,ip2location_lite,ip2location_lite,52.937599,1.24386,West Runton,GB,,1780555707,False,,success,2026-06-07T14:34:08Z
node_02022,ip_api,ipapi_com_unverified,51.4801,-3.1855,Cardiff,GB,,,False,,success,2026-06-07T14:34:06Z
node_02022,ipinfo,ipinfo,51.5085,-0.1257,London,GB,,,False,,success,2026-06-07T14:34:07Z
node_02022,ipwho_is,ipwhois_unverified,52.240477,-0.902656,Northampton,GB,,,False,,success,2026-06-07T14:34:07Z
node_02022,maxmind_geolite2,maxmind_geolite,51.4964,-0.1224,,GB,500,1780418264,True,no_city,success,2026-06-07T14:34:08Z
node_02022,reallyfreegeoip,maxmind_geolite,51.4535,-2.5917,Bristol,GB,,,False,,success,2026-06-07T14:34:07Z
node_02000,dbip_lite,dbip_lite,60.9827,25.6615,Lahti,FI,,1780278471,False,,success,2026-06-07T14:33:29Z
node_02000,geojs,maxmind_geolite,61.0158,25.7236,Lahti,FI,,,False,,success,2026-06-07T14:33:28Z
node_02000,ip2location_lite,ip2location_lite,61.049999,25.433331,Hollola,FI,,1780555707,False,,success,2026-06-07T14:33:29Z
node_02000,ip_api,ipapi_com_unverified,61.0158,25.7236,Lahti,FI,,,False,,success,2026-06-07T14:33:27Z
node_02000,ipinfo,ipinfo,60.1695,24.9354,Helsinki,FI,,,False,,success,2026-06-07T14:33:28Z
node_02000,ipwho_is,ipwhois_unverified,60.9826749,25.6612096,Lahti,FI,,,False,,success,2026-06-07T14:33:28Z
node_02000,maxmind_geolite2,maxmind_geolite,61.0158,25.7236,Lahti,FI,100,1780418264,False,,success,2026-06-07T14:33:29Z
node_02000,reallyfreegeoip,maxmind_geolite,60.205,24.6455,Espoo,FI,,,False,,success,2026-06-07T14:33:28Z
node_01995,dbip_lite,dbip_lite,50.0796,12.3739,Cheb,CZ,,1780278471,False,,success,2026-06-07T14:33:20Z
node_01995,geojs,maxmind_geolite,50.0848,14.4112,,CZ,,,True,no_city,success,2026-06-07T14:33:19Z
node_01995,ip2location_lite,ip2location_lite,49.834888,18.281956,Ostrava,CZ,,1780555707,False,,success,2026-06-07T14:33:20Z
node_01995,ip_api,ipapi_com_unverified,50.0883,14.4124,Prague,CZ,,,False,,success,2026-06-07T14:33:18Z
node_01995,ipinfo,ipinfo,50.7576,14.5556,Nový Bor,CZ,,,False,,success,2026-06-07T14:33:19Z
node_01995,ipwho_is,ipwhois_unverified,50.0755381,14.4378005,Prague,CZ,,,False,,success,2026-06-07T14:33:19Z
node_01995,maxmind_geolite2,maxmind_geolite,50.0848,14.4112,,CZ,100,1780418264,True,no_city,success,2026-06-07T14:33:20Z
node_01995,reallyfreegeoip,maxmind_geolite,50.0985,14.4524,Prague,CZ,,,False,,success,2026-06-07T14:33:19Z
node_01993,dbip_lite,dbip_lite,43.3667,25.6,Klimentovo,BG,,1780278471,False,,success,2026-06-07T14:33:17Z
node_01993,geojs,maxmind_geolite,42.6826,23.3223,Sofia,BG,,,False,,success,2026-06-07T14:33:16Z
node_01993,ip2location_lite,ip2location_lite,42.69751,23.32415,Sofia,BG,,1780555707,False,,success,2026-06-07T14:33:17Z
node_01993,ip_api,ipapi_com_unverified,42.6826,23.3223,Sofia,BG,,,False,,success,2026-06-07T14:33:15Z
node_01993,ipinfo,ipinfo,42.6975,23.3241,Sofia,BG,,,False,,success,2026-06-07T14:33:16Z
node_01993,ipwho_is,ipwhois_unverified,43.2102375,23.5528803,Vratsa,BG,,,False,,success,2026-06-07T14:33:16Z
node_01993,maxmind_geolite2,maxmind_geolite,42.6826,23.3223,Sofia,BG,100,1780418264,False,,success,2026-06-07T14:33:17Z
node_01993,reallyfreegeoip,maxmind_geolite,42.6951,23.325,Sofia,BG,,,False,,success,2026-06-07T14:33:16Z
node_01981,dbip_lite,dbip_lite,56.8399,60.5829,Yekaterinburg,RU,,1780278471,False,,success,2026-06-07T14:32:59Z
node_01981,geojs,maxmind_geolite,56.5758,61.2511,Chernousovo,RU,,,False,,success,2026-06-07T14:32:58Z
node_01981,ip2location_lite,ip2location_lite,57.1576,60.569801,Kedrovoye,RU,,1780555707,False,,success,2026-06-07T14:32:59Z
node_01981,ip_api,ipapi_com_unverified,56.8399,60.5829,Yekaterinburg,RU,,,False,,success,2026-06-07T14:32:57Z
node_01981,ipinfo,ipinfo,48.462,135.0971,Khabarovsk,RU,,,False,,success,2026-06-07T14:32:58Z
node_01981,ipwho_is,ipwhois_unverified,56.8999158,59.9521128,Pervouralsk,RU,,,False,,success,2026-06-07T14:32:58Z
node_01981,maxmind_geolite2,maxmind_geolite,56.5758,61.2511,Chernousovo,RU,100,1780418264,False,,success,2026-06-07T14:32:59Z
node_01981,reallyfreegeoip,maxmind_geolite,58.0041,56.2397,Perm,RU,,,False,,success,2026-06-07T14:32:58Z
node_02026,dbip_lite,dbip_lite,48.1868,16.4032,Vienna (Landstraße),AT,,1780278471,False,,success,2026-06-07T14:34:14Z
node_02026,geojs,maxmind_geolite,48.2048,16.3801,,AT,,,True,no_city,success,2026-06-07T14:34:13Z
node_02026,ip2location_lite,ip2location_lite,47.48333,12.06667,Worgl,AT,,1780555707,False,,success,2026-06-07T14:34:14Z
node_02026,ip_api,ipapi_com_unverified,48.1868,16.4032,Vienna,AT,,,False,,success,2026-06-07T14:34:12Z
node_02026,ipinfo,ipinfo,47.8276,16.2987,Lichtenwörth,AT,,,False,,success,2026-06-07T14:34:13Z
node_02026,ipwho_is,ipwhois_unverified,48.2081743,16.3738189,Vienna,AT,,,False,,success,2026-06-07T14:34:13Z
node_02026,maxmind_geolite2,maxmind_geolite,48.2048,16.3801,,AT,200,1780418264,True,no_city,success,2026-06-07T14:34:14Z
node_02026,reallyfreegeoip,maxmind_geolite,47.0949,15.5751,Graz,AT,,,False,,success,2026-06-07T14:34:13Z
node_02028,dbip_lite,dbip_lite,48.1868,16.4032,Vienna (Landstraße),AT,,1780278471,False,,success,2026-06-07T14:34:17Z
node_02028,geojs,maxmind_geolite,48.2048,16.3801,,AT,,,True,no_city,success,2026-06-07T14:34:16Z
node_02028,ip2location_lite,ip2location_lite,48.208889,16.37208,Vienna,AT,,1780555707,False,,success,2026-06-07T14:34:17Z
node_02028,ip_api,ipapi_com_unverified,48.1868,16.4032,Vienna,AT,,,False,,success,2026-06-07T14:34:15Z
node_02028,ipinfo,ipinfo,48.0833,16.4333,Himberg,AT,,,False,,success,2026-06-07T14:34:16Z
node_02028,ipwho_is,ipwhois_unverified,48.2081743,16.3738189,Vienna,AT,,,False,,success,2026-06-07T14:34:16Z
node_02028,maxmind_geolite2,maxmind_geolite,48.2048,16.3801,,AT,200,1780418264,True,no_city,success,2026-06-07T14:34:17Z
node_02028,reallyfreegeoip,maxmind_geolite,48.2048,16.3801,,AT,,,True,no_city,success,2026-06-07T14:34:16Z
node_02014,dbip_lite,dbip_lite,34.9178,33.0181,Agrós,CY,,1780278471,False,,success,2026-06-07T14:33:53Z
node_02014,geojs,maxmind_geolite,34.6874,33.0366,Limassol,CY,,,False,,success,2026-06-07T14:33:52Z
node_02014,ip2location_lite,ip2location_lite,34.916622,33.629314,Larnaca,CY,,1780555707,False,,success,2026-06-07T14:33:53Z
node_02014,ip_api,ipapi_com_unverified,35.1681,33.3503,Nicosia,CY,,,False,,success,2026-06-07T14:33:50Z
node_02014,ipinfo,ipinfo,35.1728,33.354,Nicosia,CY,,,False,,success,2026-06-07T14:33:52Z
node_02014,ipwho_is,ipwhois_unverified,35.043964,33.8969328,Frenaros,CY,,,False,,success,2026-06-07T14:33:52Z
node_02014,maxmind_geolite2,maxmind_geolite,34.6874,33.0366,Limassol,CY,50,1780418264,False,,success,2026-06-07T14:33:53Z
node_02014,reallyfreegeoip,maxmind_geolite,35.1638,33.3639,Nicosia,CY,,,False,,success,2026-06-07T14:33:52Z
node_02006,dbip_lite,dbip_lite,55.6501,12.3016,Taastrup,DK,,1780278471,False,,success,2026-06-07T14:33:38Z
node_02006,geojs,maxmind_geolite,55.674,12.5696,,DK,,,True,no_city,success,2026-06-07T14:33:37Z
node_02006,ip2location_lite,ip2location_lite,55.675941,12.56553,Copenhagen,DK,,1780555707,False,,success,2026-06-07T14:33:38Z
node_02006,ip_api,ipapi_com_unverified,55.7056,12.5683,Copenhagen,DK,,,False,,success,2026-06-07T14:33:36Z
node_02006,ipinfo,ipinfo,55.6759,12.5655,Copenhagen,DK,,,False,,success,2026-06-07T14:33:37Z
node_02006,ipwho_is,ipwhois_unverified,55.6760968,12.5683371,Copenhagen,DK,,,False,,success,2026-06-07T14:33:37Z
node_02006,maxmind_geolite2,maxmind_geolite,55.674,12.5696,,DK,10,1780418264,True,no_city,success,2026-06-07T14:33:38Z
node_02006,reallyfreegeoip,maxmind_geolite,55.6702,12.5298,Copenhagen,DK,,,False,,success,2026-06-07T14:33:37Z
node_01286,dbip_lite,dbip_lite,36.154,-95.9928,Tulsa,US,,1780278471,False,,success,2026-06-07T14:33:40Z
node_01286,geojs,maxmind_geolite,36.0432,-95.8072,Broken Arrow,US,,,False,,success,2026-06-07T14:33:40Z
node_01286,ip2location_lite,ip2location_lite,36.15398,-95.992783,Tulsa,US,,1780555707,False,,success,2026-06-07T14:33:40Z
node_01286,ip_api,ipapi_com_unverified,36.0432,-95.8072,Broken Arrow,US,,,False,,success,2026-06-07T14:33:39Z
node_01286,ipinfo,ipinfo,36.154,-95.9928,Tulsa,US,,,False,,success,2026-06-07T14:33:40Z
node_01286,ipwho_is,ipwhois_unverified,36.1539816,-95.992775,Tulsa,US,,,False,,success,2026-06-07T14:33:40Z
node_01286,maxmind_geolite2,maxmind_geolite,36.0432,-95.8072,Broken Arrow,US,10,1780418264,False,,success,2026-06-07T14:33:40Z
node_01286,reallyfreegeoip,maxmind_geolite,36.0432,-95.8072,Broken Arrow,US,,,False,,success,2026-06-07T14:33:40Z
node_02008,dbip_lite,dbip_lite,40.9312,-73.8988,Yonkers,US,,1780278471,False,,success,2026-06-07T14:33:42Z
node_02008,geojs,maxmind_geolite,40.781,-73.9501,New York,US,,,False,,success,2026-06-07T14:33:41Z
node_02008,ip2location_lite,ip2location_lite,40.931263,-73.898636,Yonkers,US,,1780555707,False,,success,2026-06-07T14:33:42Z
node_02008,ip_api,ipapi_com_unverified,40.7653,-73.9589,New York,US,,,False,,success,2026-06-07T14:33:40Z
node_02008,ipinfo,ipinfo,40.9304,-73.8979,Yonkers,US,,,False,,success,2026-06-07T14:33:41Z
node_02008,ipwho_is,ipwhois_unverified,40.7127837,-74.0059413,New York,US,,,False,,success,2026-06-07T14:33:41Z
node_02008,maxmind_geolite2,maxmind_geolite,40.781,-73.9501,New York,US,10,1780418264,False,,success,2026-06-07T14:33:42Z
node_02008,reallyfreegeoip,maxmind_geolite,40.781,-73.9502,New York,US,,,False,,success,2026-06-07T14:33:42Z
node_02013,dbip_lite,dbip_lite,59.8989,10.6324,Fornebu,NO,,1780278471,False,,success,2026-06-07T14:33:50Z
node_02013,geojs,maxmind_geolite,59.724,10.8496,Ski,NO,,,False,,success,2026-06-07T14:33:49Z
node_02013,ip2location_lite,ip2location_lite,64.245697,12.37779,Snasa,NO,,1780555707,False,,success,2026-06-07T14:33:50Z
node_02013,ip_api,ipapi_com_unverified,60.7917,11.0688,Hamar,NO,,,False,,success,2026-06-07T14:33:48Z
node_02013,ipinfo,ipinfo,60.8809,10.9395,Brumunddal,NO,,,False,,success,2026-06-07T14:33:49Z
node_02013,ipwho_is,ipwhois_unverified,59.8995185,10.6286999,Fornebu,NO,,,False,,success,2026-06-07T14:33:49Z
node_02013,maxmind_geolite2,maxmind_geolite,59.724,10.8496,Ski,NO,200,1780418264,False,,success,2026-06-07T14:33:50Z
node_02013,reallyfreegeoip,maxmind_geolite,59.9016,10.7343,Oslo,NO,,,False,,success,2026-06-07T14:33:49Z
node_02005,dbip_lite,dbip_lite,47.2833,15.9333,Löffelbach,AT,,1780278471,False,,success,2026-06-07T14:33:36Z
node_02005,geojs,maxmind_geolite,47.1085,15.7054,Gleisdorf,AT,,,False,,success,2026-06-07T14:33:35Z
node_02005,ip2location_lite,ip2location_lite,47.066444,15.449907,Graz,AT,,1780555707,False,,success,2026-06-07T14:33:36Z
node_02005,ip_api,ipapi_com_unverified,47.1085,15.7054,Gleisdorf,AT,,,False,,success,2026-06-07T14:33:35Z
node_02005,ipinfo,ipinfo,47.0546,15.8394,Hartmannsdorf,AT,,,False,,success,2026-06-07T14:33:35Z
node_02005,ipwho_is,ipwhois_unverified,47.12734,15.69353,Albersdorf,AT,,,False,,success,2026-06-07T14:33:35Z
node_02005,maxmind_geolite2,maxmind_geolite,47.1085,15.7054,Gleisdorf,AT,20,1780418264,False,,success,2026-06-07T14:33:36Z
node_02005,reallyfreegeoip,maxmind_geolite,47.1023,15.7016,Gleisdorf,AT,,,False,,success,2026-06-07T14:33:36Z
node_02027,dbip_lite,dbip_lite,48.1374,11.5755,Munich,DE,,1780278471,False,,success,2026-06-07T14:34:15Z
node_02027,geojs,maxmind_geolite,48.1475,11.5865,Munich,DE,,,False,,success,2026-06-07T14:34:14Z
node_02027,ip2location_lite,ip2location_lite,48.137428,11.57549,Munich,DE,,1780555707,False,,success,2026-06-07T14:34:15Z
node_02027,ip_api,ipapi_com_unverified,48.1336,11.5658,Munich,DE,,,False,,success,2026-06-07T14:34:14Z
node_02027,ipinfo,ipinfo,48.1374,11.5755,Munich,DE,,,False,,success,2026-06-07T14:34:14Z
node_02027,ipwho_is,ipwhois_unverified,48.1351253,11.5819806,Munich,DE,,,False,,success,2026-06-07T14:34:14Z
node_02027,maxmind_geolite2,maxmind_geolite,48.1475,11.5865,Munich,DE,100,1780418264,False,,success,2026-06-07T14:34:15Z
node_02027,reallyfreegeoip,maxmind_geolite,48.1663,11.5683,,DE,,,True,no_city,success,2026-06-07T14:34:15Z
node_01977,dbip_lite,dbip_lite,56.9514,24.1238,Riga (Centra rajons),LV,,1780278471,False,,success,2026-06-07T14:32:52Z
node_01977,geojs,maxmind_geolite,56.9473,24.0979,Riga,LV,,,False,,success,2026-06-07T14:32:51Z
node_01977,ip2location_lite,ip2location_lite,56.945999,24.10589,Riga,LV,,1780555707,False,,success,2026-06-07T14:32:52Z
node_01977,ip_api,ipapi_com_unverified,56.9473,24.0979,Riga,LV,,,False,,success,2026-06-07T14:32:50Z
node_01977,ipinfo,ipinfo,56.946,24.1059,Riga,LV,,,False,,success,2026-06-07T14:32:50Z
node_01977,ipwho_is,ipwhois_unverified,56.9496487,24.1051864,Riga,LV,,,False,,success,2026-06-07T14:32:50Z
node_01977,maxmind_geolite2,maxmind_geolite,56.9473,24.0979,Riga,LV,5,1780418264,False,,success,2026-06-07T14:32:52Z
node_01977,reallyfreegeoip,maxmind_geolite,56.9496,24.0978,Riga,LV,,,False,,success,2026-06-07T14:32:51Z
node_01980,dbip_lite,dbip_lite,56.7445,24.4008,Baldone,LV,,1780278471,False,,success,2026-06-07T14:32:57Z
node_01980,geojs,maxmind_geolite,56.9473,24.0979,Riga,LV,,,False,,success,2026-06-07T14:32:56Z
node_01980,ip2location_lite,ip2location_lite,56.732498,23.013611,Jaunpils,LV,,1780555707,False,,success,2026-06-07T14:32:57Z
node_01980,ip_api,ipapi_com_unverified,56.9473,24.0979,Riga,LV,,,False,,success,2026-06-07T14:32:55Z
node_01980,ipinfo,ipinfo,56.946,24.1059,Riga,LV,,,False,,success,2026-06-07T14:32:56Z
node_01980,ipwho_is,ipwhois_unverified,56.7458379,24.4061069,Baldone,LV,,,False,,success,2026-06-07T14:32:56Z
node_01980,maxmind_geolite2,maxmind_geolite,56.9473,24.0979,Riga,LV,20,1780418264,False,,success,2026-06-07T14:32:57Z
node_01980,reallyfreegeoip,maxmind_geolite,56.9496,24.0978,Riga,LV,,,False,,success,2026-06-07T14:32:57Z
node_02023,dbip_lite,dbip_lite,47.3833,16.0,Rohrbach an der Lafnitz,AT,,1780278471,False,,success,2026-06-07T14:34:09Z
node_02023,geojs,maxmind_geolite,48.2583,16.3377,Vienna,AT,,,False,,success,2026-06-07T14:34:08Z
node_02023,ip2location_lite,ip2location_lite,48.208889,16.37208,Vienna,AT,,1780555707,False,,success,2026-06-07T14:34:09Z
node_02023,ip_api,ipapi_com_unverified,48.2583,16.3377,Vienna,AT,,,False,,success,2026-06-07T14:34:08Z
node_02023,ipinfo,ipinfo,48.3392,16.7202,Gänserndorf,AT,,,False,,success,2026-06-07T14:34:08Z
node_02023,ipwho_is,ipwhois_unverified,48.2081743,16.3738189,Vienna,AT,,,False,,success,2026-06-07T14:34:08Z
node_02023,maxmind_geolite2,maxmind_geolite,48.2583,16.3377,Vienna,AT,100,1780418264,False,,success,2026-06-07T14:34:09Z
node_02023,reallyfreegeoip,maxmind_geolite,48.2583,16.3377,Vienna,AT,,,False,,success,2026-06-07T14:34:09Z
node_01988,dbip_lite,dbip_lite,53.1235,18.0076,Bydgoszcz,PL,,1780278471,False,,success,2026-06-07T14:33:09Z
node_01988,geojs,maxmind_geolite,53.1151,17.9713,Bydgoszcz,PL,,,False,,success,2026-06-07T14:33:08Z
node_01988,ip2location_lite,ip2location_lite,53.35384,17.490641,Wiecbork,PL,,1780555707,False,,success,2026-06-07T14:33:09Z
node_01988,ip_api,ipapi_com_unverified,53.1249,17.9655,Bydgoszcz,PL,,,False,,success,2026-06-07T14:33:08Z
node_01988,ipinfo,ipinfo,53.1235,18.0076,Bydgoszcz,PL,,,False,,success,2026-06-07T14:33:08Z
node_01988,ipwho_is,ipwhois_unverified,53.1841113,18.0984908,Osielsko,PL,,,False,,success,2026-06-07T14:33:08Z
node_01988,maxmind_geolite2,maxmind_geolite,53.1151,17.9713,Bydgoszcz,PL,50,1780418264,False,,success,2026-06-07T14:33:09Z
node_01988,reallyfreegeoip,maxmind_geolite,53.1236,17.9977,Bydgoszcz,PL,,,False,,success,2026-06-07T14:33:09Z
node_01994,dbip_lite,dbip_lite,60.4416,22.2544,IV District,FI,,1780278471,False,,success,2026-06-07T14:33:18Z
node_01994,geojs,maxmind_geolite,60.1713,24.7136,Espoo,FI,,,False,,success,2026-06-07T14:33:17Z
node_01994,ip2location_lite,ip2location_lite,60.451485,22.268759,Turku,FI,,1780555707,False,,success,2026-06-07T14:33:18Z
node_01994,ip_api,ipapi_com_unverified,60.2516,24.7529,Espoo,FI,,,False,,success,2026-06-07T14:33:17Z
node_01994,ipinfo,ipinfo,61.4991,23.7871,Tampere,FI,,,False,,success,2026-06-07T14:33:17Z
node_01994,ipwho_is,ipwhois_unverified,60.4518126,22.2666303,Turku,FI,,,False,,success,2026-06-07T14:33:17Z
node_01994,maxmind_geolite2,maxmind_geolite,60.1713,24.7136,Espoo,FI,100,1780418264,False,,success,2026-06-07T14:33:18Z
node_01994,reallyfreegeoip,maxmind_geolite,60.2658,25.0917,Vantaa,FI,,,False,,success,2026-06-07T14:33:18Z
node_01984,dbip_lite,dbip_lite,43.6188,25.3503,Sistov,BG,,1780278471,False,,success,2026-06-07T14:33:03Z
node_01984,geojs,maxmind_geolite,42.6826,23.3223,Sofia,BG,,,False,,success,2026-06-07T14:33:02Z
node_01984,ip2location_lite,ip2location_lite,42.133331,24.533331,Stamboliyski,BG,,1780555707,False,,success,2026-06-07T14:33:03Z
node_01984,ip_api,ipapi_com_unverified,42.6826,23.3223,Sofia,BG,,,False,,success,2026-06-07T14:33:02Z
node_01984,ipinfo,ipinfo,43.1323,24.7176,Lovech,BG,,,False,,success,2026-06-07T14:33:02Z
node_01984,ipwho_is,ipwhois_unverified,42.1333129,24.5376727,Stamboliyski,BG,,,False,,success,2026-06-07T14:33:02Z
node_01984,maxmind_geolite2,maxmind_geolite,42.6826,23.3223,Sofia,BG,100,1780418264,False,,success,2026-06-07T14:33:03Z
node_01984,reallyfreegeoip,maxmind_geolite,42.696,23.332,,BG,,,True,no_city,success,2026-06-07T14:33:03Z
node_01997,dbip_lite,dbip_lite,47.2741,11.2396,Zirl,AT,,1780278471,False,,success,2026-06-07T14:33:23Z
node_01997,geojs,maxmind_geolite,48.2049,16.3662,Vienna,AT,,,False,,success,2026-06-07T14:33:22Z
node_01997,ip2location_lite,ip2location_lite,48.466671,16.58333,Gaweinstal,AT,,1780555707,False,,success,2026-06-07T14:33:23Z
node_01997,ip_api,ipapi_com_unverified,47.2833,15.9667,Hartberg,AT,,,False,,success,2026-06-07T14:33:21Z
node_01997,ipinfo,ipinfo,48.2085,16.3721,Vienna,AT,,,False,,success,2026-06-07T14:33:22Z
node_01997,ipwho_is,ipwhois_unverified,47.2742168,11.2386558,Zirl,AT,,,False,,success,2026-06-07T14:33:22Z
node_01997,maxmind_geolite2,maxmind_geolite,48.2049,16.3662,Vienna,AT,200,1780418264,False,,success,2026-06-07T14:33:23Z
node_01997,reallyfreegeoip,maxmind_geolite,48.1968,16.3191,Vienna,AT,,,False,,success,2026-06-07T14:33:22Z
node_01978,dbip_lite,dbip_lite,37.9847,23.647100000000002,Korydallos,GR,,1780278471,False,,success,2026-06-07T14:32:53Z
node_01978,geojs,maxmind_geolite,35.3272,25.1371,Heraklion,GR,,,False,,success,2026-06-07T14:32:52Z
node_01978,ip2location_lite,ip2location_lite,38.634769,24.102871,Kymi,GR,,1780555707,False,,success,2026-06-07T14:32:53Z
node_01978,ip_api,ipapi_com_unverified,37.9847,23.6471,Korydallos,GR,,,False,,success,2026-06-07T14:32:52Z
node_01978,ipinfo,ipinfo,37.9838,23.7278,Athens,GR,,,False,,success,2026-06-07T14:32:52Z
node_01978,ipwho_is,ipwhois_unverified,37.9810474,23.6498494,Korydallos,GR,,,False,,success,2026-06-07T14:32:52Z
node_01978,maxmind_geolite2,maxmind_geolite,35.3272,25.1371,Heraklion,GR,200,1780418264,False,,success,2026-06-07T14:32:53Z
node_01978,reallyfreegeoip,maxmind_geolite,38.0529,23.6867,Petroúpolis,GR,,,False,,success,2026-06-07T14:32:52Z
node_01979,dbip_lite,dbip_lite,59.6137,10.4087,Svelvik,NO,,1780278471,False,,success,2026-06-07T14:32:54Z
node_01979,geojs,maxmind_geolite,59.9133,10.7389,Oslo,NO,,,False,,success,2026-06-07T14:32:53Z
node_01979,ip2location_lite,ip2location_lite,59.613701,10.40872,Svelvik,NO,,1780555707,False,,success,2026-06-07T14:32:54Z
node_01979,ip_api,ipapi_com_unverified,59.7135,10.2204,Drammen,NO,,,False,,success,2026-06-07T14:32:53Z
node_01979,ipinfo,ipinfo,59.9127,10.7461,Oslo,NO,,,False,,success,2026-06-07T14:32:53Z
node_01979,ipwho_is,ipwhois_unverified,59.6138561,10.4088838,Svelvik,NO,,,False,,success,2026-06-07T14:32:53Z
node_01979,maxmind_geolite2,maxmind_geolite,59.9133,10.7389,Oslo,NO,100,1780418264,False,,success,2026-06-07T14:32:54Z
node_01979,reallyfreegeoip,maxmind_geolite,59.9016,10.7343,Oslo,NO,,,False,,success,2026-06-07T14:32:54Z
node_01094,dbip_lite,dbip_lite,48.8575,2.35138,Paris,FR,,1780278471,False,,success,2026-06-07T14:32:55Z
node_01094,geojs,maxmind_geolite,48.8582,2.3387,,FR,,,True,no_city,success,2026-06-07T14:32:55Z
node_01094,ip2location_lite,ip2location_lite,45.232262,4.40376,Riotord,FR,,1780555707,False,,success,2026-06-07T14:32:55Z
node_01094,ip_api,ipapi_com_unverified,48.8575,2.35138,Paris,FR,,,False,,success,2026-06-07T14:32:54Z
node_01094,ipinfo,ipinfo,48.8534,2.3488,Paris,FR,,,False,,success,2026-06-07T14:32:55Z
node_01094,ipwho_is,ipwhois_unverified,45.231826,4.400835,Riotord,FR,,,False,,success,2026-06-07T14:32:55Z
node_01094,maxmind_geolite2,maxmind_geolite,48.8582,2.3387,,FR,500,1780418264,True,no_city,success,2026-06-07T14:32:55Z
node_01094,reallyfreegeoip,maxmind_geolite,48.8582,2.3387,,FR,,,True,no_city,success,2026-06-07T14:32:55Z
node_01996,dbip_lite,dbip_lite,56.0656,12.2851,Græsted,DK,,1780278471,False,,success,2026-06-07T14:33:21Z
node_01996,geojs,maxmind_geolite,55.6813,12.4039,Glostrup Municipality,DK,,,False,,success,2026-06-07T14:33:20Z
node_01996,ip2location_lite,ip2location_lite,56.022831,12.19752,Helsinge,DK,,1780555707,False,,success,2026-06-07T14:33:21Z
node_01996,ip_api,ipapi_com_unverified,55.7309,12.5715,Hellerup,DK,,,False,,success,2026-06-07T14:33:20Z
node_01996,ipinfo,ipinfo,55.6759,12.5655,Copenhagen,DK,,,False,,success,2026-06-07T14:33:20Z
node_01996,ipwho_is,ipwhois_unverified,55.669217,12.402144,Glostrup,DK,,,False,,success,2026-06-07T14:33:20Z
node_01996,maxmind_geolite2,maxmind_geolite,55.6813,12.4039,Glostrup Municipality,DK,20,1780418264,False,,success,2026-06-07T14:33:21Z
node_01996,reallyfreegeoip,maxmind_geolite,55.7123,12.0564,,DK,,,True,no_city,success,2026-06-07T14:33:21Z
node_02009,dbip_lite,dbip_lite,51.5113,-0.05663000000000001,Shadwell,GB,,1780278471,False,,success,2026-06-07T14:33:44Z
node_02009,geojs,maxmind_geolite,51.3688,-0.4853,Addlestone,GB,,,False,,success,2026-06-07T14:33:43Z
node_02009,ip2location_lite,ip2location_lite,51.502251,0.02532,Silvertown,GB,,1780555707,False,,success,2026-06-07T14:33:44Z
node_02009,ip_api,ipapi_com_unverified,51.3873,-0.1596,Sutton,GB,,,False,,success,2026-06-07T14:33:42Z
node_02009,ipinfo,ipinfo,51.5085,-0.1257,London,GB,,,False,,success,2026-06-07T14:33:43Z
node_02009,ipwho_is,ipwhois_unverified,51.5136,0.0195,London,GB,,,False,,success,2026-06-07T14:33:43Z
node_02009,maxmind_geolite2,maxmind_geolite,51.3688,-0.4853,Addlestone,GB,100,1780418264,False,,success,2026-06-07T14:33:44Z
node_02009,reallyfreegeoip,maxmind_geolite,51.3873,-0.1596,Mitcham,GB,,,False,,success,2026-06-07T14:33:43Z
node_02025,dbip_lite,dbip_lite,51.8548,6.86659,Borken (Gemen),DE,,1780278471,False,,success,2026-06-07T14:34:12Z
node_02025,geojs,maxmind_geolite,51.9868,7.4152,Havixbeck,DE,,,False,,success,2026-06-07T14:34:11Z
node_02025,ip2location_lite,ip2location_lite,51.514938,7.466,Dortmund,DE,,1780555707,False,,success,2026-06-07T14:34:12Z
node_02025,ip_api,ipapi_com_unverified,51.8434,6.8614,Borken,DE,,,False,,success,2026-06-07T14:34:11Z
node_02025,ipinfo,ipinfo,53.1386,7.6194,Ostrhauderfehn,DE,,,False,,success,2026-06-07T14:34:11Z
node_02025,ipwho_is,ipwhois_unverified,51.8482714,6.8594477,Borken,DE,,,False,,success,2026-06-07T14:34:11Z
node_02025,maxmind_geolite2,maxmind_geolite,51.9868,7.4152,Havixbeck,DE,100,1780418264,False,,success,2026-06-07T14:34:12Z
node_02025,reallyfreegeoip,maxmind_geolite,52.2576,10.3681,Vechelde,DE,,,False,,success,2026-06-07T14:34:12Z
node_01998,dbip_lite,dbip_lite,59.8,17.3667,Hagby,SE,,1780278471,False,,success,2026-06-07T14:33:24Z
node_01998,geojs,maxmind_geolite,59.5307,18.0785,Vallentuna,SE,,,False,,success,2026-06-07T14:33:23Z
node_01998,ip2location_lite,ip2location_lite,59.599998,17.5,Yttergran,SE,,1780555707,False,,success,2026-06-07T14:33:24Z
node_01998,ip_api,ipapi_com_unverified,59.4418,15.9443,Valskog,SE,,,False,,success,2026-06-07T14:33:23Z
node_01998,ipinfo,ipinfo,59.36,18.0009,Solna,SE,,,False,,success,2026-06-07T14:33:23Z
node_01998,ipwho_is,ipwhois_unverified,59.5357,18.078017,Vallentuna,SE,,,False,,success,2026-06-07T14:33:23Z
node_01998,maxmind_geolite2,maxmind_geolite,59.5307,18.0785,Vallentuna,SE,50,1780418264,False,,success,2026-06-07T14:33:24Z
node_01998,reallyfreegeoip,maxmind_geolite,59.3333,18.05,,SE,,,True,no_city,success,2026-06-07T14:33:24Z
node_02018,dbip_lite,dbip_lite,38.8443,-7.58585,Estremoz,PT,,1780278471,False,,success,2026-06-07T14:34:00Z
node_02018,geojs,maxmind_geolite,37.0157,-7.936,Faro,PT,,,False,,success,2026-06-07T14:33:59Z
node_02018,ip2location_lite,ip2location_lite,38.209949,-7.8005,Vidigueira,PT,,1780555707,False,,success,2026-06-07T14:34:00Z
node_02018,ip_api,ipapi_com_unverified,38.0134,-7.8592,Beja,PT,,,False,,success,2026-06-07T14:33:59Z
node_02018,ipinfo,ipinfo,37.0187,-7.9272,Faro,PT,,,False,,success,2026-06-07T14:33:59Z
node_02018,ipwho_is,ipwhois_unverified,38.2118842,-7.8005203,Vidigueira,PT,,,False,,success,2026-06-07T14:33:59Z
node_02018,maxmind_geolite2,maxmind_geolite,37.0157,-7.936,Faro,PT,100,1780418264,False,,success,2026-06-07T14:34:00Z
node_02018,reallyfreegeoip,maxmind_geolite,37.0157,-7.936,Faro,PT,,,False,,success,2026-06-07T14:34:00Z
