anchor_id,ip,lat,lon,city,country,asn,hostname,is_disabled
node_02031,node_02031,51.8515,5.8485,,NL,50266,,False
node_02032,node_02032,-43.0315,146.9575,,AU,4764,,False
node_01977,node_01977,56.9605,24.0515,,LV,12578,,False
node_02033,node_02033,51.2775,7.7785,,DE,3320,,False
node_02034,node_02034,59.7085,10.6185,,NO,25400,,False
node_02035,node_02035,45.7905,3.6805,,FR,5410,,False
node_02036,node_02036,56.5975,24.2075,,LV,24921,,False
node_02037,node_02037,40.8215,-79.3295,,US,6167,,False
node_02038,node_02038,35.5585,45.4115,,IQ,51018,,False
node_02039,node_02039,47.4495,-88.2105,,US,7018,,False
node_02040,node_02040,29.3605,47.9815,,KW,29357,,False
node_02041,node_02041,50.9815,5.8275,,NL,33915,,False
node_02042,node_02042,50.9295,-0.1415,,GB,2856,,False
node_02043,node_02043,51.9195,4.6215,,NL,50266,,False
node_02044,node_02044,42.2705,23.5405,,BG,8866,,False
node_02045,node_02045,48.4875,-122.8885,,US,209,,False
node_02046,node_02046,45.3805,-92.4985,,US,21928,,False
node_02047,node_02047,49.4975,5.7495,,FR,12322,,False
node_02048,node_02048,49.4475,14.0895,,CZ,34911,,False
node_02049,node_02049,42.8705,-71.4895,,US,13977,,False
node_02050,node_02050,46.0495,11.1175,,IT,30722,,False
node_02051,node_02051,45.8975,10.8485,,IT,30722,,False
node_02052,node_02052,46.0805,11.1615,,IT,1267,,False
node_02053,node_02053,46.1005,11.1105,,IT,30722,,False
node_02054,node_02054,53.0275,18.8075,,PL,5617,,False
node_02055,node_02055,48.2485,16.4515,,AT,8447,,False
node_02056,node_02056,45.8895,11.0305,,IT,30722,,False
node_02057,node_02057,48.2315,16.3195,,AT,40980,,False
node_02058,node_02058,53.3375,83.6675,,RU,50512,,False
node_02059,node_02059,40.7405,-74.0015,,US,20057,,False
node_02060,node_02060,50.7305,15.1705,,CZ,13036,,False
node_02061,node_02061,56.3805,24.2295,,LV,24921,,False
node_01196,node_01196,-8.5585,125.5575,,TL,38077,,False
node_02062,node_02062,49.7515,16.4805,,CZ,13036,,False
node_02063,node_02063,52.3405,21.2305,,PL,12912,,False
node_02064,node_02064,49.8375,9.8615,,DE,3320,,False
node_02065,node_02065,37.8575,23.7595,,GR,3329,,False
node_02066,node_02066,60.8985,26.9195,,FI,719,,False
node_02067,node_02067,-33.8985,150.8915,,AU,133612,,False
node_02068,node_02068,42.2705,23.5385,,BG,12716,,False
node_02069,node_02069,61.2015,26.0205,,FI,1759,,False
node_02070,node_02070,52.7385,6.9005,,NL,208172,,False
node_02071,node_02071,48.9075,13.8695,,CZ,13036,,False
node_01996,node_01996,56.0685,12.0915,,DK,216275,,False
node_02072,node_02072,48.4785,16.5885,,AT,8447,,False
node_02073,node_02073,51.1885,-2.5085,,GB,2856,,False
node_01998,node_01998,59.6585,17.4005,,SE,3301,,False
node_02074,node_02074,5.3815,100.2185,,MY,38466,,False
node_02075,node_02075,28.4075,-81.4195,,US,33363,,False
node_01241,node_01241,33.8905,-84.3705,,US,7922,,False
node_02076,node_02076,-33.4585,-70.5695,,CL,7418,,False
node_02061,node_02061,56.4115,24.1985,,LV,24921,,False
node_02077,node_02077,60.0495,24.5815,,FI,16086,,False
node_02078,node_02078,48.0415,7.0015,,FR,15557,,False
node_02079,node_02079,39.8795,-105.1195,,US,30600,,False
node_02080,node_02080,56.9675,24.1685,,LV,24921,,False
node_02081,node_02081,50.3485,8.9685,,DE,3320,,False
node_02082,node_02082,47.2185,8.8215,,CH,3303,,False
node_02002,node_02002,47.2175,8.8195,,CH,3303,,False
node_02083,node_02083,45.4015,11.3275,,IT,1267,,False
node_02084,node_02084,37.3685,-122.0025,,US,21928,,False
node_02085,node_02085,45.1715,-93.8605,,US,20115,,False
node_02086,node_02086,32.6505,54.5615,,IR,58224,,False
node_02087,node_02087,55.6475,38.0605,,RU,205090,,False
node_02088,node_02088,50.8385,8.7615,,DE,6805,,False
node_02089,node_02089,-8.5605,125.5585,,TL,38077,,False
node_02090,node_02090,42.1615,14.6085,,IT,3269,,False
node_02091,node_02091,52.8185,1.3995,,GB,203649,,False
node_02092,node_02092,55.6915,12.5885,,DK,3308,,False
node_02093,node_02093,54.9905,82.9795,,RU,34757,,False
node_02094,node_02094,35.2095,26.1075,,GR,29247,,False
node_01286,node_01286,36.2775,-95.8295,,US,22773,,False
node_02095,node_02095,47.1395,10.5575,,AT,25255,,False
node_02096,node_02096,38.1895,20.3775,,GR,29247,,False
node_02097,node_02097,28.5685,-81.5895,,US,33363,,False
node_02098,node_02098,52.1675,6.1375,,NL,31615,,False
node_02099,node_02099,51.5275,6.3775,,DE,3209,,False
node_02100,node_02100,14.5975,121.0405,,PH,45754,,False
node_02101,node_02101,47.8175,7.3475,,FR,15557,,False
node_02102,node_02102,41.9495,-88.2525,,US,21928,,False
node_02103,node_02103,45.8075,1.2785,,FR,15557,,False
node_02104,node_02104,59.1785,10.8305,,NO,2119,,False
node_02105,node_02105,6.4495,2.3515,,BJ,328228,,False
node_02106,node_02106,61.5685,-149.0125,,US,14593,,False
node_02107,node_02107,46.8415,15.5895,,AT,8447,,False
node_02108,node_02108,34.7215,33.0785,,CY,6866,,False
node_02109,node_02109,48.7075,16.1295,,AT,8412,,False
node_02110,node_02110,-32.2485,115.8215,,AU,7545,,False
node_02111,node_02111,48.1585,16.3685,,AT,8412,,False
node_02112,node_02112,51.7895,8.0585,,DE,12355,,False
node_02113,node_02113,44.7795,-93.2085,,US,21928,,False
node_02114,node_02114,-8.4715,126.4595,,TL,38077,,False
node_02115,node_02115,46.0305,-1.3795,,FR,51207,,False
node_02116,node_02116,41.6385,-88.4485,,US,30600,,False
node_02117,node_02117,-36.6485,144.3405,,AU,1221,,False
node_02118,node_02118,48.2105,16.3405,,AT,8412,,False
node_02119,node_02119,35.5795,139.7115,,JP,55391,,False
node_02120,node_02120,46.5905,14.2715,,AT,8412,,False
node_02121,node_02121,44.8805,-91.9185,,US,21928,,False
node_02122,node_02122,61.4515,23.9005,,FI,719,,False
node_02123,node_02123,45.8415,-120.7095,,US,14593,,False
node_02124,node_02124,44.9385,-93.2485,,US,10242,,False
node_02125,node_02125,-42.8915,147.3185,,AU,1221,,False
node_02126,node_02126,42.7015,23.3195,,BG,12716,,False
node_02127,node_02127,51.9395,7.6375,,DE,12470,,False
node_02128,node_02128,39.3975,-121.2315,,US,21928,,False
node_02129,node_02129,49.1705,6.6495,,FR,51207,,False
node_02130,node_02130,38.9385,-7.9425,,PT,42863,,False
node_02131,node_02131,39.9275,-74.8905,,US,7922,,False
node_02132,node_02132,33.8305,-118.2795,,US,6167,,False
node_02133,node_02133,51.4015,20.1995,,PL,12912,,False
node_02134,node_02134,52.3595,20.8485,,PL,5617,,False
node_02135,node_02135,29.6975,-82.4805,,US,21928,,False
node_02136,node_02136,35.6975,51.4315,,IR,44244,,False
node_02137,node_02137,50.1505,14.3485,,CZ,13036,,False
node_02138,node_02138,51.5115,-0.1315,,GB,25135,,False
node_02139,node_02139,55.6415,13.2115,,SE,8473,,False
node_02140,node_02140,-42.8895,147.3015,,AU,133612,,False
node_02141,node_02141,49.7795,9.9785,,DE,3320,,False
node_02142,node_02142,-41.1705,174.9785,,NZ,9500,,False
node_02143,node_02143,32.6575,35.8475,,JO,39526,,False
node_02144,node_02144,32.6495,35.8485,,JO,9038,,False
node_02145,node_02145,51.1285,-2.7415,,GB,206067,,False
node_02146,node_02146,33.4475,-111.7185,,US,6167,,False
node_02020,node_02020,33.0805,-117.3115,,US,22773,,False
node_02147,node_02147,45.5815,9.1595,,IT,30722,,False
node_02148,node_02148,27.4785,79.1785,,IN,45609,,False
node_02149,node_02149,52.0795,8.7285,,DE,20473,,False
node_02150,node_02150,55.7895,37.7015,,RU,25159,,False
node_02151,node_02151,42.0215,14.5475,,IT,3269,,False
node_02152,node_02152,43.6105,3.8775,,FR,3215,,False
node_02153,node_02153,38.9685,-77.5325,,US,21928,,False
node_02154,node_02154,49.0095,8.3695,,DE,6805,,False
node_02155,node_02155,37.7705,-122.3995,,US,21928,,False
node_02156,node_02156,52.1695,6.1375,,NL,15435,,False
node_02157,node_02157,50.0715,14.3975,,CZ,5610,,False
node_02158,node_02158,-43.8115,172.9085,,NZ,9500,,False
node_02159,node_02159,48.2215,16.4195,,AT,8412,,False
node_02160,node_02160,-22.3525,-46.9525,,BR,26615,,False
node_02161,node_02161,35.7115,139.6575,,JP,138384,,False
node_02162,node_02162,52.9385,1.2715,,GB,2856,,False
node_02163,node_02163,-22.3195,-46.8915,,BR,26599,,False
node_02164,node_02164,52.5405,5.6885,,NL,50266,,False
node_02023,node_02023,48.2415,16.4105,,AT,8437,,False
node_02165,node_02165,49.0795,0.6075,,FR,3215,,False
node_02166,node_02166,1.4405,103.6405,,MY,45960,,False
node_02167,node_02167,43.2295,1.4375,,FR,5410,,False
node_02168,node_02168,55.7295,12.5095,,DK,3292,,False
node_02136,node_02136,35.6975,51.4305,,IR,44244,,False
node_02169,node_02169,29.6095,52.5185,,IR,34369,,False
node_02170,node_02170,50.5985,36.5985,,RU,12958,,False
node_02171,node_02171,52.0785,7.0015,,DE,8899,,False
node_02172,node_02172,52.1675,6.1405,,NL,33915,,False
node_02173,node_02173,47.0605,15.4375,,AT,8412,,False
node_02174,node_02174,50.0805,14.4405,,CZ,13036,,False
node_02175,node_02175,49.2685,-122.9895,,CA,852,,False
node_02176,node_02176,48.1375,11.5785,,DE,3320,,False
node_02177,node_02177,29.6085,52.5175,,IR,44244,,False
node_02178,node_02178,38.9115,22.1295,,GR,211186,,False
node_02179,node_02179,48.3995,16.4875,,AT,8412,,False
node_02180,node_02180,38.6785,-9.3285,,PT,12353,,False
node_02181,node_02181,16.7785,121.0915,,PH,139831,,False
node_02182,node_02182,40.3995,49.8085,,AZ,15723,,False
node_02098,node_02098,52.2415,6.0875,,NL,31615,,False
node_02183,node_02183,49.7185,19.5105,,PL,5617,,False
node_02184,node_02184,38.7115,-9.1395,,PT,20879,,False
node_02185,node_02185,54.5185,-1.4685,,GB,2856,,False
node_02186,node_02186,49.3915,5.9875,,FR,15557,,False
node_02187,node_02187,27.7415,-97.4295,,US,21928,,False
node_02188,node_02188,14.0185,123.2605,,PH,139831,,False
node_02189,node_02189,47.2085,-1.5425,,FR,51207,,False
node_02190,node_02190,-33.7395,150.9215,,AU,1221,,False
node_02191,node_02191,24.6895,46.7205,,SA,43766,,False
node_02192,node_02192,48.4815,16.5005,,AT,8412,,False
node_02193,node_02193,52.2515,21.0295,,PL,5617,,False
node_02181,node_02181,16.3005,121.0305,,PH,139831,,False
node_02188,node_02188,13.7115,123.2005,,PH,139831,,False
node_02194,node_02194,33.1205,-96.6805,,US,20057,,False
node_02195,node_02195,33.8215,-84.3315,,US,21928,,False
node_02196,node_02196,54.8615,82.9715,,RU,42842,,False
node_02197,node_02197,53.5075,-2.3125,,GB,41495,,False
node_02198,node_02198,42.5275,-83.1325,,US,21928,,False
node_02199,node_02199,42.5285,-75.5185,,US,21928,,False
