ip,tags
node_02031,fibre;home;nat;ipv4;ftth;system-v1;system-resolves-a-correctly;system-doesnt-resolve-aaaa;system-ipv4-works;system-ipv4-capable;system-ipv4-rfc1918;system-ipv4-stable-30d;system-ipv4-stable-90d;system-ipv4-stable-1d;t-mobile;dnsfiltered;quad9;blocky;cloudflare-2
node_02032,home;nat;native-ipv6;dual-stack;ipv4;ipv6;wireless-isp;system-v1;system-ipv4-works;system-ipv6-works;system-ipv4-capable;system-ipv6-capable;system-ipv4-rfc1918;4g;nbn;system-ipv6-stable-30d;system-ipv6-stable-1d;system-ipv4-stable-30d;system-ipv4-stable-90d;system-ipv6-stable-90d;system-ipv4-stable-1d;fixed-wireless-2;internode
node_01977,mobile;home;nat;ipv4;system-v1;system-resolves-a-correctly;system-resolves-aaaa-correctly;system-ipv4-works;system-ipv4-capable;system-ipv4-rfc1918;system-ipv4-stable-30d;system-ipv4-stable-90d;system-ipv4-stable-1d
node_02033,dsl;home;nat;ipv6-tunnel;vdsl;ipv4;ipv6;system-v1;system-resolves-a-correctly;system-resolves-aaaa-correctly;system-ipv4-works;system-ipv6-works;telekom;system-ipv4-capable;system-ipv6-capable;system-ipv4-rfc1918;system-ipv6-stable-30d;system-ipv6-stable-1d;system-ipv4-stable-30d;system-ipv4-stable-90d;system-ipv6-stable-90d;system-ipv4-stable-1d;5g
node_02034,mobile;home;nat;system-v2;system-resolves-a-correctly;system-resolves-aaaa-correctly;system-ipv4-works;system-ipv6-works;system-ipv4-capable;system-ipv6-capable;system-ipv4-rfc1918;system-ipv6-stable-30d;system-ipv6-stable-1d;system-ipv4-stable-30d;system-ipv4-stable-90d;system-ipv6-stable-90d;system-ipv4-stable-1d
node_02035,mobile;nat;system-v2;system-ipv4-capable;system-ipv6-capable;system-ipv4-rfc1918
node_02036,mobile;home;nat;3g;ipv4;double-nat;system-v2;system-resolves-a-correctly;system-resolves-aaaa-correctly;system-ipv4-works;system-ipv6-works;lte;system-ipv4-capable;system-ipv6-capable;system-ipv4-rfc1918;4g;system-ipv6-stable-30d;system-ipv6-stable-1d;system-ipv4-stable-30d;system-ipv4-stable-90d;system-ipv6-stable-90d;system-ipv4-stable-1d;lmt
node_02037,ipv4;ipv6;wireless-isp;system-v2;system-resolves-a-correctly;system-resolves-aaaa-correctly;system-ipv4-works;system-ipv6-works;lte;system-ipv4-capable;system-ipv6-capable;system-ipv4-rfc1918;system-ipv6-stable-1d;system-ipv4-stable-1d
node_02038,datacentre;core;ipv4;ipv6;isp;system-v2;lte;system-ipv4-capable;4g;5g
node_02039,home;nat;ipv4;system-v3;system-resolves-a-correctly;system-resolves-aaaa-correctly;system-ipv4-works;lte;native-ipv4;system-ipv4-capable;system-ipv4-rfc1918;system-ipv4-stable-30d;system-ipv4-stable-1d
node_02040,mobile;office;nat;ipv4;ipv6;system-v3;system-resolves-a-correctly;system-resolves-aaaa-correctly;system-ipv4-works;system-ipv6-doesnt-work;system-ipv4-capable;system-ipv6-capable;system-ipv6-ula;system-ipv4-rfc1918;ipv6nat;4g;system-ipv6-stable-30d;system-ipv6-stable-1d;system-ipv4-stable-30d;system-ipv4-stable-90d;system-ipv6-stable-90d;system-ipv4-stable-1d;5g
node_02041,mobile;nat;ipv4;double-nat;isp;system-v3;system-resolves-a-correctly;system-resolves-aaaa-correctly;system-ipv4-works;cgn;lte;system-ipv4-capable;system-ipv4-rfc1918;4g;system-ipv4-stable-30d;system-ipv4-stable-90d;system-ipv4-stable-1d;apn-livevodafonecom
node_02042,home;nat;ipv4;double-nat;system-v3;system-resolves-a-correctly;system-resolves-aaaa-correctly;system-ipv4-works;system-ipv6-works;native-ipv4;system-ipv4-capable;system-ipv6-capable;system-ipv4-rfc1918;4g;probe-v3;system-ipv6-stable-30d;system-ipv6-stable-1d;system-ipv4-stable-30d;system-ipv4-stable-90d;system-ipv6-stable-90d;system-ipv4-stable-1d;5g
node_02043,fibre;home;ipv4;ftth;isp;system-v3;system-resolves-a-correctly;system-resolves-aaaa-correctly;system-ipv4-works;gpon;native-ipv4;system-ipv4-capable;system-ipv6-capable;system-ipv6-ula;system-ipv4-rfc1918;kpn;system-ipv4-stable-30d;system-ipv4-stable-90d;system-ipv4-stable-1d;t-mobile
node_02044,mobile;home;nat;ipv4;system-v3;system-resolves-a-correctly;system-resolves-aaaa-correctly;system-ipv4-works;native-ipv4;system-ipv4-capable;system-ipv4-rfc1918;4g;system-ipv4-stable-30d;system-ipv4-stable-90d;system-ipv4-stable-1d
node_02045,system-v3;system-resolves-a-correctly;system-resolves-aaaa-correctly;system-ipv4-works;lte;system-ipv4-capable;system-ipv6-capable;system-ipv6-ula;system-ipv4-rfc1918;system-ipv4-stable-30d;system-ipv4-stable-90d;system-ipv4-stable-1d
node_02046,home;ipv4;ipv6;wireless-isp;system-v3;system-resolves-a-correctly;system-resolves-aaaa-correctly;system-ipv4-works;lte;system-ipv4-capable;system-ipv4-rfc1918;system-ipv4-stable-30d;system-ipv4-stable-90d;system-ipv4-stable-1d;t-mobile
node_02047,fibre;home;native-ipv6;ipv4;ipv6;vdsl2;ftth;free;system-v3;system-resolves-a-correctly;system-resolves-aaaa-correctly;system-ipv4-works;system-ipv6-works;system-ipv4-capable;system-ipv6-capable;system-ipv4-rfc1918;4g;system-ipv6-stable-30d;system-ipv6-stable-1d;system-ipv4-stable-30d;system-ipv4-stable-90d;system-ipv6-stable-90d;system-ipv4-stable-1d
node_02048,mobile;system-v3;system-resolves-a-correctly;system-resolves-aaaa-correctly;system-ipv4-works;lte;system-ipv4-capable;system-ipv4-rfc1918;system-ipv4-stable-30d;system-ipv4-stable-90d;system-ipv4-stable-1d;cetin-adsl-bond
node_02049,home;nat;nat64;6to4;system-v3;system-resolves-a-correctly;system-resolves-aaaa-correctly;system-ipv4-works;known-ipv4-issues;lte;system-ipv4-capable;system-ipv6-capable;system-ipv6-ula;system-ipv4-rfc1918;4g;system-ipv4-stable-30d;system-ipv4-stable-90d;system-ipv4-stable-1d
node_02050,mobile;office;nat;3g;ipv4;double-nat;vodafone;system-v3;system-resolves-a-correctly;system-resolves-aaaa-correctly;system-ipv4-works;lte;system-ipv4-capable;system-ipv4-rfc1918;4g;system-ipv4-stable-30d;system-ipv4-stable-1d
node_02051,mobile;office;3g;double-nat;vodafone;system-v3;system-resolves-a-correctly;system-resolves-aaaa-correctly;system-ipv4-works;lte;system-ipv4-capable;system-ipv4-rfc1918;4g;system-ipv4-stable-30d;system-ipv4-stable-90d;system-ipv4-stable-1d
node_02052,mobile;home;nat;ipv4;ipv6;system-v3;system-resolves-a-correctly;system-resolves-aaaa-correctly;system-ipv4-works;system-ipv4-capable;system-ipv6-capable;system-ipv6-ula;system-ipv4-rfc1918;system-ipv4-stable-30d;system-ipv4-stable-90d;system-ipv4-stable-1d
node_02053,mobile;office;nat;3g;ipv4;double-nat;vodafone;system-v3;system-resolves-a-correctly;system-resolves-aaaa-correctly;system-ipv4-works;lte;system-ipv4-capable;system-ipv4-rfc1918;4g;system-ipv4-stable-30d;system-ipv4-stable-90d;system-ipv4-stable-1d
node_02054,mobile;system-v3;system-resolves-a-correctly;system-resolves-aaaa-correctly;system-ipv4-works;system-ipv4-capable;system-ipv6-capable;system-ipv6-ula;system-ipv4-rfc1918;probe-v3;system-ipv4-stable-30d;system-ipv4-stable-90d;system-ipv4-stable-1d;openwrt-3
node_02055,dsl;home;system-v3;system-resolves-a-correctly;system-resolves-aaaa-correctly;system-ipv4-works;lte;system-ipv4-capable;system-ipv4-rfc1918;4g;system-ipv4-stable-30d;system-ipv4-stable-90d;system-ipv4-stable-1d
node_02056,mobile;office;nat;3g;ipv4;double-nat;vodafone;system-v3;system-resolves-a-correctly;system-resolves-aaaa-correctly;system-ipv4-works;lte;system-ipv4-capable;system-ipv6-capable;system-ipv4-rfc1918;4g;system-ipv4-stable-30d;system-ipv4-stable-90d;system-ipv4-stable-1d
node_02057,home;nat;system-v3;system-resolves-a-correctly;system-resolves-aaaa-correctly;system-ipv4-works;lte;system-ipv4-capable;system-ipv6-capable;system-ipv6-ula;system-ipv4-rfc1918;system-ipv4-stable-30d;system-ipv4-stable-90d;system-ipv4-stable-1d
node_02058,home;nat;3g;system-v3;system-resolves-a-correctly;system-resolves-aaaa-correctly;system-ipv4-works;lte;system-ipv4-capable;system-ipv4-rfc1918;4g;system-ipv4-stable-1d
node_02059,mobile;nat;system-v3;system-resolves-a-correctly;system-resolves-aaaa-correctly;system-ipv4-works;lte;system-ipv4-capable;system-ipv4-rfc1918;4g;system-ipv4-stable-30d;system-ipv4-stable-1d
node_02060,fibre;home;nat;ipv4;system-v3;system-resolves-a-correctly;system-resolves-aaaa-correctly;system-ipv4-works;gpon;native-ipv4;system-ipv4-capable;system-ipv4-rfc1918;system-ipv4-stable-30d;system-ipv4-stable-90d;system-ipv4-stable-1d;t-mobile
node_02061,mobile;nat;native-ipv6;dual-stack;ipv4;ipv6;system-v3;system-resolves-a-correctly;system-resolves-aaaa-correctly;system-ipv4-works;lte;native-ipv4;system-ipv4-capable;system-ipv4-rfc1918;4g;system-ipv4-stable-1d;5g
node_01196,fibre;ixp;native-ipv6;nat64;ipv4;ipv6;multihomed;464xlat;isp;system-v3;system-resolves-a-correctly;system-resolves-aaaa-correctly;system-ipv4-works;system-ipv6-works;system-ipv4-capable;system-ipv6-capable;4g;system-ipv6-stable-30d;system-ipv6-stable-1d;system-ipv4-stable-30d;system-ipv4-stable-90d;system-ipv6-stable-90d;system-ipv4-stable-1d;5g
node_02062,fibre;home;nat;ipv6-tunnel;dual-stack;ipv4;ipv6;6to4;he;ftth;system-v3;system-resolves-a-correctly;system-resolves-aaaa-correctly;system-ipv4-works;system-ipv6-works;system-ipv4-capable;system-ipv6-capable;system-ipv4-rfc1918;system-ipv6-stable-30d;system-ipv6-stable-1d;system-ipv4-stable-30d;system-ipv4-stable-90d;system-ipv6-stable-90d;system-ipv4-stable-1d;t-mobile
node_02063,fibre;home;nat;ipv4;ftth;orange;double-nat;system-v3;gpon;native-ipv4;system-ipv4-capable;system-ipv4-rfc1918;probe-v3;pppoe;no-ipv6;t-mobile;openwrt-3
node_02064,home;system-v3;system-resolves-a-correctly;system-resolves-aaaa-correctly;system-ipv4-works;system-ipv6-works;lte;system-ipv4-capable;system-ipv6-capable;system-ipv4-rfc1918;system-ipv6-stable-30d;system-ipv6-stable-1d;system-ipv4-stable-30d;system-ipv4-stable-90d;system-ipv6-stable-90d;system-ipv4-stable-1d
node_02065,ipv4;ipv6;ftth;system-v3;system-resolves-a-correctly;system-resolves-aaaa-correctly;system-ipv4-works;system-ipv6-works;lte;gpon;system-ipv4-capable;system-ipv6-capable;system-ipv4-rfc1918;wi-fi;4g;system-ipv6-stable-30d;system-ipv6-stable-1d;system-ipv4-stable-30d;system-ipv4-stable-90d;system-ipv6-stable-90d;system-ipv4-stable-1d
node_02066,mobile;home;nat;ipv4;system-v3;system-resolves-a-correctly;system-resolves-aaaa-correctly;system-ipv4-works;native-ipv4;system-ipv4-capable;system-ipv4-stable-30d;system-ipv4-stable-90d;system-ipv4-stable-1d
node_02067,mobile;system-v3;system-resolves-a-correctly;system-resolves-aaaa-correctly;system-ipv4-works;system-ipv6-works;system-ipv4-capable;system-ipv6-capable;system-ipv4-rfc1918;4g;system-ipv6-stable-30d;system-ipv6-stable-1d;system-ipv4-stable-30d;system-ipv4-stable-1d
node_02068,mobile;home;nat;ipv4;system-v3;system-resolves-a-correctly;system-resolves-aaaa-correctly;system-ipv4-works;native-ipv4;system-ipv4-capable;system-ipv4-rfc1918;4g;system-ipv4-stable-30d;system-ipv4-stable-1d
node_02069,mobile;home;nat;ipv4;wireless-isp;system-v3;system-resolves-a-correctly;system-resolves-aaaa-correctly;system-ipv4-works;system-ipv4-capable;system-ipv4-rfc1918;system-ipv4-stable-30d;system-ipv4-stable-90d;system-ipv4-stable-1d;5g
node_02070,mobile;ipv4;ipv6;vpn;system-v3;system-resolves-a-correctly;system-resolves-aaaa-correctly;system-ipv4-works;system-ipv4-capable;system-ipv4-rfc1918;system-ipv4-stable-30d;system-ipv4-stable-90d;system-ipv4-stable-1d
node_02071,mobile;system-v3;system-resolves-a-correctly;system-resolves-aaaa-correctly;system-ipv4-works;lte;system-ipv4-capable;system-ipv4-rfc1918;4g;system-ipv4-stable-30d;system-ipv4-stable-1d
node_01996,mobile;home;nat;ipv4;system-v3;system-resolves-a-correctly;system-resolves-aaaa-correctly;system-ipv4-works;cgn;lte;system-ipv4-capable;system-ipv6-capable;system-ipv6-ula;system-ipv4-rfc1918;system-ipv4-stable-30d;system-ipv4-stable-90d;system-ipv4-stable-1d
node_02072,mobile;nat;system-v3;system-resolver-mangles-case;system-ipv4-works;system-ipv4-capable;system-ipv4-rfc1918;system-ipv4-stable-30d;system-ipv4-stable-90d;system-ipv4-stable-1d
node_02073,wireless-isp;system-v3;system-resolves-a-correctly;system-resolves-aaaa-correctly;system-ipv4-works;system-ipv4-capable;system-ipv6-capable;system-ipv6-ula;system-ipv4-rfc1918;4g;system-ipv4-stable-30d;system-ipv4-stable-90d;system-ipv4-stable-1d
node_01998,mobile;home;ipv4;system-v3;system-resolves-a-correctly;system-resolves-aaaa-correctly;system-ipv4-works;system-ipv4-capable;system-ipv4-rfc1918;4g;telia;system-ipv4-stable-1d
node_02074,dsl;ipv4;ipv6;system-v3;system-resolves-a-correctly;system-resolves-aaaa-correctly;system-ipv4-works;system-ipv6-works;system-ipv4-capable;system-ipv6-capable;system-ipv4-rfc1918;system-ipv6-stable-30d;system-ipv6-stable-1d;system-ipv4-stable-30d;system-ipv4-stable-90d;system-ipv6-stable-90d;system-ipv4-stable-1d;5g
node_02075,cable;office;academic;nat;ipv4;hackerspace;multihomed;system-v3;system-resolves-a-correctly;system-resolves-aaaa-correctly;system-ipv4-works;lte;iwantbcp38compliancetesting;system-ipv4-capable;system-ipv4-rfc1918;4g;docsis3;probe-v3;no-ipv6;system-ipv4-stable-30d;system-ipv4-stable-90d;system-ipv4-stable-1d;t-mobile;spectrum;5g;docsis-31;starlink
node_01241,home;system-v3;system-resolves-a-correctly;system-resolves-aaaa-correctly;system-ipv4-works;system-ipv4-capable;system-ipv4-rfc1918;system-ipv4-stable-30d;system-ipv4-stable-90d;system-ipv4-stable-1d;t-mobile;5g
node_02076,home;nat;3g;ipv4;system-v3;system-resolves-a-correctly;system-resolves-aaaa-correctly;system-ipv4-works;lte;native-ipv4;system-ipv4-capable;system-ipv4-rfc1918;4g;homelab;system-ipv4-stable-30d;system-ipv4-stable-90d;system-ipv4-stable-1d;5g;movistar-3
node_02061,mobile;nat;ipv4;system-v3;system-resolves-a-correctly;system-resolves-aaaa-correctly;system-ipv4-works;lte;system-ipv4-capable;system-ipv4-rfc1918;4g;system-ipv4-stable-30d;system-ipv4-stable-90d;system-ipv4-stable-1d
node_02077,mobile;system-v3;system-resolves-a-correctly;system-resolves-aaaa-correctly;system-ipv4-works;system-ipv4-capable;system-ipv6-capable;system-ipv6-ula;system-ipv4-rfc1918;4g;system-ipv4-stable-30d;system-ipv4-stable-90d;system-ipv4-stable-1d
node_02078,home;nat;3g;ipv4;wireless-isp;system-resolves-a-correctly;system-resolves-aaaa-correctly;system-ipv4-works;lte;system-ipv4-capable;system-ipv4-rfc1918;4g;system-ipv4-stable-30d;system-ipv4-stable-90d;system-ipv4-stable-1d;system-v4
node_02079,cable;home;nat;comcast;multihomed;system-resolves-a-correctly;system-resolves-aaaa-correctly;system-ipv4-works;lte;system-ipv4-capable;system-ipv4-rfc1918;4g;homelab;att;system-ipv4-stable-30d;system-ipv4-stable-90d;system-ipv4-stable-1d;t-mobile;5g;docsis-31;system-v4;xfinity
node_02080,mobile;dual-stack;system-resolves-a-correctly;system-resolves-aaaa-correctly;system-ipv4-works;system-ipv6-works;lte;system-ipv4-capable;system-ipv6-capable;system-ipv4-rfc1918;4g;system-ipv6-stable-30d;system-ipv6-stable-1d;system-ipv4-stable-30d;system-ipv4-stable-1d;5g;system-v4
node_02081,home;nat;native-ipv6;dual-stack;vdsl;ipv4;ipv6;vdsl2;dtag;system-resolves-a-correctly;system-resolves-aaaa-correctly;system-ipv4-works;system-ipv6-works;lte;iwantbcp38compliancetesting;system-ipv4-capable;system-ipv6-capable;system-ipv4-rfc1918;4g;system-ipv6-stable-30d;system-ipv6-stable-1d;system-ipv4-stable-30d;system-ipv4-stable-90d;system-ipv6-stable-90d;system-ipv4-stable-1d;system-v4
node_02082,system-resolves-a-correctly;system-resolves-aaaa-correctly;system-ipv4-works;system-ipv4-capable;system-ipv4-rfc1918;system-ipv4-stable-30d;system-ipv4-stable-90d;system-ipv4-stable-1d;5g;system-v4
node_02002,mobile;system-resolves-a-correctly;system-resolves-aaaa-correctly;system-ipv4-works;lte;system-ipv4-capable;system-ipv4-rfc1918;system-ipv4-stable-30d;system-ipv4-stable-90d;system-ipv4-stable-1d;system-v4
node_02083,mobile;home;nat;ipv4;system-resolves-a-correctly;system-doesnt-resolve-aaaa;system-ipv4-works;lte;system-ipv4-capable;system-ipv4-rfc1918;4g;system-ipv4-stable-30d;system-ipv4-stable-1d;system-v4
node_02084,home;ipv4;ipv6;multihomed;system-resolves-a-correctly;system-resolves-aaaa-correctly;system-ipv4-works;system-ipv4-capable;system-ipv4-rfc1918;ups;system-ipv4-stable-30d;system-ipv4-stable-90d;system-ipv4-stable-1d;t-mobile;5g;system-v4
node_02085,cable;office;no-nat;ipv4;multihomed;system-resolves-a-correctly;system-resolves-aaaa-correctly;system-ipv4-works;native-ipv4;system-ipv4-capable;system-ipv6-capable;system-ipv6-ula;system-ipv4-rfc1918;4g;system-ipv4-stable-30d;system-ipv4-stable-90d;system-ipv4-stable-1d;spectrum;system-v4
node_02086,home;academic;nat;ipv4;isp;system-resolves-a-incorrectly;system-resolves-aaaa-correctly;system-ipv4-works;lte;system-ipv4-capable;system-ipv4-rfc1918;system-v4
node_02087,home;nat;ipv4;system-resolves-a-correctly;system-resolves-aaaa-correctly;system-ipv4-works;lte;system-ipv4-capable;system-ipv4-rfc1918;system-ipv4-stable-1d;system-v4
node_02088,mobile;home;nat;system-resolves-a-correctly;system-resolves-aaaa-correctly;system-ipv4-works;system-ipv4-capable;system-ipv6-capable;system-ipv6-ula;system-ipv4-rfc1918;o2;system-ipv4-stable-30d;system-ipv4-stable-90d;system-ipv4-stable-1d;5g;system-v4
node_02089,fibre;core;dual-stack;nat64;ipv4;ipv6;multihomed;464xlat;ftth;isp;system-resolves-a-correctly;system-resolves-aaaa-correctly;system-ipv4-works;system-ipv6-works;lte;system-ipv4-capable;system-ipv6-capable;4g;system-ipv6-stable-30d;system-ipv6-stable-1d;system-ipv4-stable-30d;system-ipv4-stable-90d;system-ipv6-stable-90d;system-ipv4-stable-1d;5g;system-v4
node_02090,home;nat;ipv4;adsl;multihomed;system-resolves-a-correctly;system-resolves-aaaa-correctly;system-ipv4-works;lte;native-ipv4;iwantbcp38compliancetesting;system-ipv4-capable;system-ipv4-rfc1918;wi-fi;system-ipv4-stable-30d;system-ipv4-stable-90d;system-ipv4-stable-1d;system-v4
node_02091,home;nat;ipv4;vdsl2;system-resolves-a-correctly;system-resolves-aaaa-correctly;system-ipv4-works;system-ipv4-capable;system-ipv4-rfc1918;4g;system-ipv4-stable-30d;system-ipv4-stable-90d;system-ipv4-stable-1d;system-v4
node_02092,mobile;system-resolves-a-correctly;system-resolves-aaaa-correctly;system-ipv4-works;system-ipv6-doesnt-work;cgn;lte;system-ipv4-capable;system-ipv6-capable;system-ipv6-ula;system-ipv4-rfc1918;4g;system-ipv6-stable-30d;system-ipv6-stable-1d;system-ipv4-stable-30d;system-ipv4-stable-90d;system-ipv6-stable-90d;system-ipv4-stable-1d;system-v4
node_02093,cable;home;nat;3g;ipv4;multihomed;ftth;system-resolves-a-correctly;system-resolves-aaaa-correctly;system-ipv4-works;system-ipv4-capable;system-ipv6-capable;system-ipv6-ula;system-ipv4-rfc1918;system-ipv4-stable-30d;system-ipv4-stable-90d;system-ipv4-stable-1d;system-v4
node_02094,mobile;nat;ipv4;system-resolves-a-correctly;system-resolves-aaaa-correctly;system-ipv4-works;telekom;cgn;lte;system-ipv4-capable;system-ipv4-rfc1918;4g;no-ipv6;system-ipv4-stable-30d;system-ipv4-stable-90d;system-ipv4-stable-1d;system-v4
node_01286,mobile;home;ipv4;wireless-isp;system-resolves-a-correctly;system-resolves-aaaa-correctly;system-ipv4-works;system-ipv4-capable;system-ipv4-rfc1918;system-ipv4-stable-30d;system-ipv4-stable-90d;system-ipv4-stable-1d;system-v4
node_02095,dsl;home;ipv4;vdsl2;multihomed;system-resolves-a-correctly;system-resolves-aaaa-correctly;system-ipv4-works;system-ipv4-capable;system-ipv6-capable;system-ipv4-rfc1918;homelab;system-ipv4-stable-30d;system-ipv4-stable-90d;system-ipv4-stable-1d;5g;system-v4
node_02096,mobile;home;nat;dual-stack;ipv4;ipv6;system-resolves-a-correctly;system-resolves-aaaa-correctly;system-ipv4-works;system-ipv6-works;cgn;system-ipv4-capable;system-ipv6-capable;system-ipv4-rfc1918;system-ipv6-stable-30d;system-ipv6-stable-1d;system-ipv4-stable-30d;system-ipv4-stable-90d;system-ipv6-stable-90d;system-ipv4-stable-1d;5g;system-v4
node_02097,home;nat;ipv4;multihomed;system-resolves-a-correctly;system-resolves-aaaa-correctly;system-ipv4-works;system-ipv4-capable;system-ipv4-rfc1918;homelab;system-ipv4-stable-30d;system-ipv4-stable-90d;system-ipv4-stable-1d;t-mobile;spectrum;system-v5
node_02098,mobile;system-resolves-a-correctly;system-resolves-aaaa-correctly;system-ipv4-works;lte;system-ipv4-capable;system-ipv4-rfc1918;4g;system-ipv4-stable-30d;system-ipv4-stable-90d;system-ipv4-stable-1d;system-v5
node_02099,system-resolves-a-correctly;system-resolves-aaaa-correctly;system-ipv4-works;lte;system-ipv4-capable;system-ipv4-rfc1918;system-ipv4-stable-30d;system-ipv4-stable-90d;system-ipv4-stable-1d;system-v5
node_02100,fibre;ipv4;vpn;double-nat;system-resolves-a-correctly;system-resolves-aaaa-correctly;system-ipv4-works;lte;system-ipv4-capable;system-ipv4-rfc1918;docsis3;system-ipv4-stable-30d;system-ipv4-stable-90d;system-ipv4-stable-1d;spectrum;system-v5
node_02101,fibre;home;no-nat;ipv4;ipv6;ftth;sfr;system-resolves-a-correctly;system-resolves-aaaa-correctly;system-ipv4-works;system-ipv6-works;lte;system-ipv4-capable;system-ipv6-capable;system-ipv4-rfc1918;system-ipv6-stable-30d;system-ipv6-stable-1d;system-ipv4-stable-30d;system-ipv4-stable-90d;system-ipv4-stable-1d;system-v5
node_02102,mobile;nat;system-resolves-a-correctly;system-resolves-aaaa-correctly;system-ipv4-works;system-ipv6-works;verizon;system-ipv4-capable;system-ipv6-capable;system-ipv4-rfc1918;system-ipv6-stable-30d;system-ipv6-stable-1d;system-ipv4-stable-30d;system-ipv4-stable-90d;system-ipv6-stable-90d;system-ipv4-stable-1d;5g;system-v5
node_02103,cable;office;nat;ipv4;wireless-isp;adsl;fttc;sfr;isp;system-resolves-a-correctly;system-resolves-aaaa-correctly;system-ipv4-works;known-ipv4-issues;lte;native-ipv4;broken;system-ipv4-capable;system-ipv4-rfc1918;wi-fi;4g;probe-v3;no-ipv6;system-ipv4-stable-30d;system-ipv4-stable-90d;system-ipv4-stable-1d;probe-v4;system-v5;guichet;ctv
node_02104,mobile;system-resolves-a-correctly;system-resolves-aaaa-correctly;system-ipv4-works;system-ipv6-doesnt-work;system-ipv4-capable;system-ipv6-capable;system-ipv4-rfc1918;system-ipv6-stable-30d;system-ipv6-stable-1d;system-ipv4-stable-30d;system-ipv4-stable-90d;system-ipv4-stable-1d;telenor;system-v5
node_02105,mobile;nat;ipv4;system-resolves-a-correctly;system-resolves-aaaa-correctly;system-ipv4-works;system-ipv4-capable;system-ipv4-rfc1918;4g;system-ipv4-stable-30d;system-ipv4-stable-90d;system-ipv4-stable-1d;system-v5
node_02106,satellite;home;nat;adsl;multihomed;system-resolves-a-correctly;system-resolves-aaaa-correctly;system-ipv4-works;system-ipv6-works;lte;system-ipv4-capable;system-ipv6-capable;system-ipv4-rfc1918;att;system-ipv6-stable-30d;system-ipv6-stable-1d;system-ipv4-stable-30d;system-ipv4-stable-90d;system-ipv6-stable-90d;system-ipv4-stable-1d;starlink;openwrt-3;system-v5
node_02107,ipv4;vdsl2;isp;system-resolves-a-correctly;system-resolves-aaaa-correctly;system-ipv4-works;system-ipv6-works;telekom;lte;system-ipv4-capable;system-ipv6-capable;system-ipv4-rfc1918;system-ipv6-stable-30d;system-ipv6-stable-1d;system-ipv4-stable-30d;system-ipv4-stable-90d;system-ipv6-stable-90d;system-ipv4-stable-1d;system-v5
node_02108,mobile;home;nat;ipv4;wireless-isp;system-resolves-a-correctly;system-resolves-aaaa-correctly;system-ipv4-works;lte;system-ipv4-capable;system-ipv4-rfc1918;4g;system-ipv4-stable-30d;system-ipv4-stable-1d;system-v5
node_02109,home;ftth;isp;system-resolves-a-correctly;system-resolves-aaaa-correctly;system-ipv4-works;system-ipv4-capable;system-ipv4-rfc1918;system-ipv4-stable-30d;system-ipv4-stable-90d;system-ipv4-stable-1d;t-mobile;system-v5
node_02110,fibre;home;ipv4;ftth;vodafone;system-resolves-a-correctly;system-doesnt-resolve-aaaa;system-ipv4-works;system-ipv6-works;lte;system-ipv4-capable;system-ipv6-capable;system-ipv4-rfc1918;system-ipv6-stable-1d;system-ipv4-stable-30d;system-ipv4-stable-90d;system-ipv4-stable-1d;system-v5
node_02111,dsl;system-resolves-a-correctly;system-resolves-aaaa-correctly;system-ipv4-works;system-ipv4-capable;system-ipv6-capable;system-ipv6-ula;system-ipv4-rfc1918;system-ipv4-stable-30d;system-ipv4-stable-90d;system-ipv4-stable-1d;t-mobile;system-v5
node_02112,fibre;home;system-resolves-a-correctly;system-resolves-aaaa-correctly;system-ipv4-works;system-ipv4-capable;system-ipv6-capable;system-ipv4-rfc1918;homelab;o2;system-ipv4-stable-30d;system-ipv4-stable-90d;system-ipv4-stable-1d;5g;system-v5;fibre-5g-failover
node_02113,mobile;native-ipv6;ipv6;464xlat;system-resolves-a-correctly;system-resolves-aaaa-correctly;system-ipv4-works;system-ipv6-works;system-ipv4-capable;system-ipv6-capable;system-ipv4-rfc1918;system-ipv6-stable-30d;system-ipv6-stable-1d;system-ipv4-stable-30d;system-ipv4-stable-90d;system-ipv6-stable-90d;system-ipv4-stable-1d;t-mobile;system-v5
node_02114,fibre;ixp;nat64;ipv4;ipv6;multihomed;464xlat;isp;system-resolves-a-correctly;system-resolves-aaaa-correctly;system-ipv4-works;system-ipv6-works;system-ipv4-capable;system-ipv6-capable;4g;system-ipv6-stable-30d;system-ipv6-stable-1d;system-ipv4-stable-30d;system-ipv4-stable-90d;system-ipv6-stable-90d;system-ipv4-stable-1d;5g;system-v5
node_02115,mobile;home;nat;free;system-resolves-a-correctly;system-resolves-aaaa-correctly;system-ipv4-works;system-ipv6-works;system-ipv4-capable;system-ipv6-capable;system-ipv4-rfc1918;system-ipv6-stable-1d;system-ipv4-stable-1d;system-v5
node_02116,system-resolves-a-correctly;system-resolves-aaaa-correctly;system-ipv4-works;system-ipv4-capable;system-ipv4-rfc1918;system-ipv4-stable-30d;system-ipv4-stable-90d;system-ipv4-stable-1d;5g;system-v5;verizon-home-internet
node_02117,home;nat;dual-stack;ipv6;wireless-isp;isp;system-ipv4-capable;system-ipv6-capable;system-ipv4-rfc1918;4g;telstra;system-v5;as1221
node_02118,cable;nat;ds-lite;system-resolves-a-correctly;system-resolves-aaaa-correctly;system-ipv4-works;system-ipv6-works;system-ipv4-capable;system-ipv6-capable;system-ipv4-rfc1918;docsis3;system-ipv6-stable-30d;system-ipv6-stable-1d;system-ipv4-stable-30d;system-ipv4-stable-90d;system-ipv6-stable-90d;system-ipv4-stable-1d;t-mobile;system-v5
node_02119,fibre;home;nat;ipv4;ds-lite;multihomed;ftth;system-resolves-a-correctly;system-resolves-aaaa-correctly;system-ipv4-works;lte;system-ipv4-capable;system-ipv4-rfc1918;pppoe;system-ipv4-stable-30d;system-ipv4-stable-90d;system-ipv4-stable-1d;system-v5
node_02120,mobile;system-resolves-a-correctly;system-resolves-aaaa-correctly;system-ipv4-works;system-ipv4-capable;system-ipv4-rfc1918;4g;system-ipv4-stable-30d;system-ipv4-stable-1d;t-mobile;system-v5
node_02121,mobile;native-ipv6;ipv6;464xlat;system-resolves-a-correctly;system-resolves-aaaa-correctly;system-ipv4-works;system-ipv6-works;system-ipv4-capable;system-ipv6-capable;system-ipv4-rfc1918;system-ipv6-stable-30d;system-ipv6-stable-1d;system-ipv4-stable-30d;system-ipv4-stable-90d;system-ipv6-stable-90d;system-ipv4-stable-1d;t-mobile;system-v5
node_02122,fibre;office;ipv4;multihomed;fttc;system-resolves-a-correctly;system-resolves-aaaa-correctly;system-ipv4-works;lte;native-ipv4;system-ipv4-capable;system-ipv4-rfc1918;4g;system-ipv4-stable-30d;system-ipv4-stable-90d;system-ipv4-stable-1d;system-v5
node_02123,ipv4;multihomed;system-resolves-a-correctly;system-resolves-aaaa-correctly;system-ipv4-works;system-ipv6-doesnt-work;known-ipv6-issues;lte;system-ipv4-capable;system-ipv6-capable;system-ipv4-rfc1918;4g;system-ipv6-stable-30d;system-ipv6-stable-1d;system-ipv4-stable-30d;system-ipv4-stable-90d;system-ipv6-stable-90d;system-ipv4-stable-1d;5g;starlink;system-v5
node_02124,system-resolves-a-correctly;system-resolves-aaaa-correctly;system-ipv4-works;system-auto-geoip-city;system-ipv4-capable;system-ipv4-rfc1918;system-ipv4-stable-30d;system-ipv4-stable-90d;system-ipv4-stable-1d;t-mobile;fiber-2;system-v5;usi
node_02125,mobile;system-resolves-a-correctly;system-resolves-aaaa-correctly;system-ipv4-works;system-ipv6-works;system-ipv4-capable;system-ipv6-capable;system-ipv4-rfc1918;system-ipv6-stable-30d;system-ipv6-stable-1d;system-ipv4-stable-30d;system-ipv4-stable-90d;system-ipv6-stable-90d;system-ipv4-stable-1d;telstra;system-v5
node_02126,nat;system-resolves-a-correctly;system-resolves-aaaa-correctly;system-ipv4-works;system-ipv4-capable;system-ipv4-rfc1918;system-ipv4-stable-30d;system-ipv4-stable-90d;system-ipv4-stable-1d;5g;system-v5
node_02127,native-ipv6;dual-stack;ipv4;ipv6;wireless-isp;hackerspace;system-resolves-a-correctly;system-resolves-aaaa-correctly;system-ipv4-works;native-ipv4;system-ipv4-capable;system-ipv4-rfc1918;o2;system-ipv4-stable-30d;system-ipv4-stable-90d;system-ipv4-stable-1d;5g;system-v5
node_02128,mobile;home;ipv4;ipv6;wireless-isp;double-nat;system-resolves-a-correctly;system-resolves-aaaa-correctly;system-ipv4-works;cgn;system-ipv4-capable;system-ipv4-rfc1918;system-ipv4-stable-30d;system-ipv4-stable-90d;system-ipv4-stable-1d;system-v5
node_02129,nat;ipv4;wireless-isp;system-resolves-a-correctly;system-resolves-aaaa-correctly;system-ipv4-works;cgn;lte;system-ipv4-capable;system-ipv4-rfc1918;ups;4g;system-ipv4-stable-30d;system-ipv4-stable-90d;system-ipv4-stable-1d;system-v5
node_02130,mobile;home;system-resolves-a-correctly;system-resolves-aaaa-correctly;system-ipv4-works;lte;system-ipv4-capable;system-ipv4-rfc1918;4g;system-ipv4-stable-30d;system-ipv4-stable-90d;system-ipv4-stable-1d;system-v5
node_02131,home;comcast;system-resolves-a-correctly;system-resolves-aaaa-correctly;system-ipv4-works;system-ipv6-works;lte;system-ipv4-capable;system-ipv6-capable;system-ipv4-rfc1918;system-ipv6-stable-30d;system-ipv6-stable-1d;system-ipv4-stable-30d;system-ipv4-stable-90d;system-ipv6-stable-90d;system-ipv4-stable-1d;system-v5
node_02132,system-resolves-a-correctly;system-resolves-aaaa-correctly;system-ipv4-works;system-ipv6-works;verizon;system-ipv4-capable;system-ipv6-capable;system-ipv4-rfc1918;system-ipv6-stable-30d;system-ipv6-stable-1d;system-ipv4-stable-30d;system-ipv4-stable-90d;system-ipv6-stable-90d;system-ipv4-stable-1d;5g;system-v5;fwa-2;verizon-home-internet-3
node_02133,fibre;ftth;system-resolves-a-correctly;system-resolves-aaaa-correctly;system-ipv4-works;system-ipv4-capable;system-ipv4-rfc1918;system-ipv4-stable-30d;system-ipv4-stable-90d;system-ipv4-stable-1d;t-mobile;system-v5;popc
node_02134,fibre;home;nat;ipv4;wireless-isp;orange;system-resolves-a-correctly;system-resolves-aaaa-correctly;system-ipv4-works;lte;native-ipv4;system-ipv4-capable;system-ipv4-rfc1918;4g;system-ipv4-stable-30d;system-ipv4-stable-90d;system-v5
node_02135,wireless-isp;464xlat;system-resolves-a-correctly;system-resolves-aaaa-correctly;system-ipv4-works;system-ipv6-doesnt-work;system-ipv4-capable;system-ipv6-capable;system-ipv4-rfc1918;system-ipv6-stable-30d;system-ipv6-stable-1d;system-ipv4-stable-30d;system-ipv4-stable-90d;system-ipv6-stable-90d;system-ipv4-stable-1d;t-mobile;5g;system-v5
node_02136,home;3g;ipv4;system-resolves-a-correctly;system-resolves-aaaa-correctly;system-ipv4-works;lte;system-ipv4-capable;system-ipv6-capable;system-ipv6-ula;system-ipv4-rfc1918;4g;homelab;irancell;system-v5;td-lte
node_02137,dsl;home;ipv4;ipv6;vdsl2;system-resolves-a-correctly;system-resolves-aaaa-correctly;system-ipv4-works;system-ipv6-works;system-ipv4-capable;system-ipv6-capable;system-ipv6-stable-30d;system-ipv6-stable-1d;system-ipv4-stable-30d;system-ipv4-stable-90d;system-ipv6-stable-90d;system-ipv4-stable-1d;t-mobile;system-software
node_02138,mobile;system-resolves-a-correctly;system-resolves-aaaa-correctly;system-ipv4-works;system-ipv6-doesnt-work;system-ipv4-capable;system-ipv6-capable;system-ipv6-ula;system-ipv4-rfc1918;system-ipv6-stable-30d;system-ipv6-stable-1d;system-ipv4-stable-30d;system-ipv4-stable-1d;system-software
node_02139,mobile;system-resolves-a-correctly;system-resolves-aaaa-correctly;system-ipv4-works;system-ipv4-capable;system-ipv4-stable-30d;system-ipv4-stable-90d;system-ipv4-stable-1d;system-software
node_02140,native-ipv6;double-nat;system-ipv4-works;system-ipv6-works;lte;system-ipv4-capable;system-ipv6-capable;system-ipv4-rfc1918;system-ipv6-stable-1d;system-ipv4-stable-1d;system-software
node_02141,home;nat;ipv4;system-resolves-a-correctly;system-resolves-aaaa-correctly;system-ipv4-works;lte;system-ipv4-capable;system-ipv4-rfc1918;homelab;system-ipv4-stable-30d;system-ipv4-stable-90d;system-ipv4-stable-1d;system-software
node_02142,fibre;home;ftth;system-resolves-a-correctly;system-resolves-aaaa-correctly;system-ipv4-works;lte;gpon;system-ipv4-capable;system-ipv6-capable;system-ipv6-ula;system-ipv4-rfc1918;homelab;system-ipv4-stable-30d;system-ipv4-stable-90d;system-ipv4-stable-1d;system-software;failover-2
node_02143,satellite;datacentre;ipv4;ipv6;multihomed;system-resolves-a-correctly;system-resolves-aaaa-correctly;system-ipv4-works;system-ipv6-works;lte;system-ipv4-capable;system-ipv6-capable;noc;microwave;system-ipv6-stable-1d;system-ipv4-stable-1d;system-software
node_02144,home;nat;ipv4;double-nat;system-resolves-a-correctly;system-resolves-aaaa-correctly;system-ipv4-works;system-ipv4-capable;system-ipv6-capable;system-ipv6-ula;system-ipv4-rfc1918;4g;system-ipv4-stable-30d;system-ipv4-stable-90d;system-ipv4-stable-1d;system-software
node_02145,mobile;ipv4;ipv6;6to4;system-resolves-a-correctly;system-resolves-aaaa-correctly;system-ipv4-works;system-ipv6-doesnt-work;lte;system-ipv4-capable;system-ipv6-capable;system-ipv6-ula;system-ipv4-rfc1918;4g;system-ipv6-stable-30d;system-ipv6-stable-1d;system-ipv4-stable-30d;system-ipv4-stable-90d;system-ipv6-stable-90d;system-ipv4-stable-1d;system-software
node_02146,mobile;home;native-ipv6;dual-stack;ipv4;ipv6;wireless-isp;system-resolves-a-correctly;system-resolves-aaaa-correctly;system-ipv4-works;system-ipv6-works;lte;native-ipv4;system-ipv4-capable;system-ipv6-capable;system-ipv4-rfc1918;4g;system-ipv6-stable-30d;system-ipv6-stable-1d;system-ipv4-stable-30d;system-ipv4-stable-90d;system-ipv6-stable-90d;system-ipv4-stable-1d;5g;system-software;docker
node_02020,mobile;home;ipv4;ipv6;wireless-isp;double-nat;system-resolves-a-correctly;system-resolves-aaaa-correctly;system-ipv4-works;system-ipv6-works;system-ipv4-capable;system-ipv6-capable;4g;system-ipv6-stable-30d;system-ipv6-stable-1d;system-ipv4-stable-30d;system-ipv4-stable-90d;system-ipv6-stable-90d;system-ipv4-stable-1d;system-software
node_02147,mobile;home;3g;ipv4;system-resolver-mangles-case;system-ipv4-works;system-ipv4-capable;system-ipv4-rfc1918;4g;system-ipv4-stable-1d;system-software;raspberry-pi
node_02148,double-nat;system-resolves-a-correctly;system-resolves-aaaa-correctly;system-ipv4-works;lte;system-ipv4-capable;system-ipv4-rfc1918;4g;system-ipv4-stable-1d;system-software;raspberry-pi
node_02149,dsl;vdsl;ipv4;system-resolves-a-correctly;system-resolves-aaaa-correctly;system-ipv4-works;system-ipv6-doesnt-work;lte;system-ipv4-capable;system-ipv6-capable;system-ipv6-ula;system-ipv4-rfc1918;system-ipv6-stable-1d;system-ipv4-stable-30d;system-ipv4-stable-90d;system-ipv4-stable-1d;system-software;wwan;bsb
node_02150,nat;ipv4;double-nat;lte;system-ipv4-capable;system-ipv6-ula;4g;system-software
node_02151,vdsl2;ftth;system-resolves-a-correctly;system-resolves-aaaa-correctly;system-ipv4-works;system-ipv4-capable;system-ipv6-capable;system-ipv6-ula;system-ipv4-rfc1918;4g;system-ipv4-stable-30d;system-ipv4-stable-90d;system-ipv4-stable-1d;system-software;tim-2;very-mobile
node_02152,nat;ipv4;lte;system-auto-geoip-city;system-ipv4-capable;system-ipv6-capable;system-ipv6-ula;system-ipv4-rfc1918;4g;system-software;openwrt-3
node_02153,system-resolves-a-correctly;system-resolves-aaaa-correctly;system-ipv4-works;system-ipv4-capable;system-ipv4-rfc1918;system-ipv4-stable-30d;system-ipv4-stable-90d;system-ipv4-stable-1d;t-mobile;5g;system-software
node_02154,mobile;home;nat;native-ipv6;dual-stack;ipv4;ipv6;system-resolves-a-correctly;system-resolves-aaaa-correctly;system-ipv4-works;system-ipv6-works;cgn;lte;native-ipv4;system-ipv4-capable;system-ipv6-capable;system-ipv4-rfc1918;4g;homelab;o2;system-ipv6-stable-30d;system-ipv6-stable-1d;system-ipv4-stable-30d;system-ipv4-stable-90d;system-ipv6-stable-90d;system-ipv4-stable-1d;system-software;openwrt-3
node_02155,mobile;home;nat;native-ipv6;dual-stack;ipv4;ipv6;464xlat;system-resolves-a-correctly;system-resolves-aaaa-correctly;system-ipv4-works;system-ipv6-doesnt-work;system-ipv4-capable;system-ipv6-capable;system-ipv4-rfc1918;system-ipv6-stable-30d;system-ipv6-stable-1d;system-ipv4-stable-30d;system-ipv4-stable-90d;system-ipv6-stable-90d;system-ipv4-stable-1d;system-software
node_02156,fibre;home;ftth;system-resolves-a-correctly;system-resolves-aaaa-correctly;system-ipv4-works;lte;system-ipv4-capable;system-ipv4-rfc1918;system-ipv4-stable-30d;system-ipv4-stable-90d;system-ipv4-stable-1d;system-software;openwrt-3
node_02157,mobile;system-resolves-a-correctly;system-resolves-aaaa-correctly;system-ipv4-works;lte;system-ipv4-capable;system-ipv4-rfc1918;system-ipv4-stable-30d;system-ipv4-stable-90d;system-ipv4-stable-1d;system-software
node_02158,mobile;home;system-resolves-a-correctly;system-resolves-aaaa-correctly;system-ipv4-works;system-ipv4-capable;system-ipv6-capable;system-ipv6-ula;system-ipv4-rfc1918;4g;system-ipv4-stable-30d;system-ipv4-stable-90d;system-ipv4-stable-1d;system-software
node_02159,cable;home;native-ipv6;dual-stack;ipv4;ipv6;ds-lite;double-nat;system-resolves-a-correctly;system-resolves-aaaa-correctly;system-ipv4-works;system-ipv6-works;system-ipv4-capable;system-ipv6-capable;system-ipv4-rfc1918;system-ipv6-stable-30d;system-ipv6-stable-1d;system-ipv4-stable-30d;system-ipv4-stable-90d;system-ipv6-stable-90d;system-ipv4-stable-1d;t-mobile;system-software
node_02160,mobile;home;ipv4;ipv6;system-resolves-a-correctly;system-resolves-aaaa-correctly;system-ipv4-works;system-ipv6-works;cgn;lte;iwantbcp38compliancetesting;system-ipv4-capable;system-ipv6-capable;system-ipv4-rfc1918;ups;4g;system-ipv6-stable-30d;system-ipv6-stable-1d;system-ipv4-stable-30d;system-ipv4-stable-90d;system-ipv6-stable-90d;system-ipv4-stable-1d;system-software;tim
node_02161,mobile;home;nat;native-ipv6;dual-stack;ipv4;ipv6;multihomed;system-resolves-a-correctly;system-resolves-aaaa-correctly;system-ipv4-works;system-ipv6-works;system-ipv4-capable;system-ipv6-capable;system-ipv4-rfc1918;4g;pppoe;system-ipv6-stable-30d;system-ipv6-stable-1d;system-ipv4-stable-30d;system-ipv4-stable-90d;system-ipv6-stable-90d;system-ipv4-stable-1d;5g;system-software;raspberry-pi
node_02162,mobile;system-resolves-a-correctly;system-resolves-aaaa-correctly;system-ipv4-works;cgn;system-ipv4-capable;system-ipv4-rfc1918;4g;system-ipv4-stable-30d;system-ipv4-stable-90d;system-ipv4-stable-1d;system-software;ee
node_02163,mobile;home;native-ipv6;dual-stack;ipv4;ipv6;system-resolves-a-correctly;system-resolves-aaaa-correctly;system-ipv4-works;system-ipv6-works;cgn;lte;iwantbcp38compliancetesting;system-ipv4-capable;system-ipv6-capable;system-ipv4-rfc1918;ups;vivo;4g;system-ipv6-stable-1d;system-ipv4-stable-1d;system-software
node_02164,fibre;ipv6-tunnel;ipv4;system-resolves-a-correctly;system-resolves-aaaa-correctly;system-ipv4-works;system-ipv6-works;native-ipv4;system-ipv4-capable;system-ipv6-capable;system-ipv4-rfc1918;homelab;system-ipv6-stable-30d;system-ipv6-stable-1d;system-ipv4-stable-30d;system-ipv4-stable-90d;system-ipv4-stable-1d;t-mobile;system-software
node_02023,mobile;nat;system-resolves-a-correctly;system-doesnt-resolve-aaaa;system-ipv4-works;lte;system-ipv4-capable;system-ipv4-rfc1918;system-ipv4-stable-30d;system-ipv4-stable-90d;system-ipv4-stable-1d;system-software
node_02165,home;system-resolves-a-correctly;system-resolves-aaaa-correctly;system-ipv4-works;cgn;lte;native-ipv4;system-ipv4-capable;system-ipv4-rfc1918;system-ipv4-stable-30d;system-ipv4-stable-90d;system-ipv4-stable-1d;system-software
node_02166,mobile;home;nat;ipv4;double-nat;system-resolves-a-correctly;system-resolves-aaaa-correctly;system-ipv4-works;system-ipv6-doesnt-work;cgn;lte;native-ipv4;system-ipv4-capable;system-ipv6-capable;system-ipv6-ula;system-ipv4-rfc1918;4g;system-ipv6-stable-30d;system-ipv6-stable-1d;system-ipv4-stable-30d;system-ipv4-stable-90d;system-ipv6-stable-90d;system-ipv4-stable-1d;5g;system-software;docker
node_02167,native-ipv6;464xlat;system-resolves-a-correctly;system-resolves-aaaa-correctly;system-ipv4-works;system-ipv6-works;lte;system-ipv4-capable;system-ipv6-capable;system-ipv4-rfc1918;system-ipv6-stable-30d;system-ipv6-stable-1d;system-ipv4-stable-30d;system-ipv4-stable-90d;system-ipv6-stable-90d;system-ipv4-stable-1d;system-software
node_02168,system-resolves-a-correctly;system-resolves-aaaa-correctly;system-ipv4-works;system-ipv6-works;system-ipv4-capable;system-ipv6-capable;system-ipv4-rfc1918;system-ipv6-stable-30d;system-ipv6-stable-1d;system-ipv4-stable-30d;system-ipv4-stable-90d;system-ipv6-stable-90d;system-ipv4-stable-1d;5g;system-software;turris-omnia
node_02136,home;3g;ipv4;vpn;lte;system-ipv4-capable;system-ipv6-ula;system-ipv4-rfc1918;4g;homelab;irancell;system-software;openwrt-3;td-lte
node_02169,mobile;home;nat;ipv4;system-resolves-a-correctly;system-resolves-aaaa-correctly;system-ipv4-works;lte;system-ipv4-capable;system-ipv4-rfc1918;4g;homelab;no-ipv6;system-ipv4-stable-30d;system-ipv4-stable-1d;system-software;docker;shatel-mobile-2
node_02170,mobile;home;nat;ipv4;system-resolves-a-correctly;system-doesnt-resolve-aaaa;system-ipv4-works;lte;system-ipv4-capable;system-ipv4-rfc1918;system-software;openwrt-3
node_02171,mobile;system-resolves-a-correctly;system-resolves-aaaa-correctly;system-ipv4-works;system-ipv6-works;telekom;system-ipv4-capable;system-ipv6-capable;system-ipv4-rfc1918;system-ipv6-stable-30d;system-ipv6-stable-1d;system-ipv4-stable-30d;system-ipv4-stable-90d;system-ipv6-stable-90d;system-ipv4-stable-1d;system-software;raspberry-pi;armv8;rpi-3-model-b
node_02172,mobile;home;system-resolves-a-correctly;system-resolves-aaaa-correctly;system-ipv4-works;system-ipv4-capable;system-ipv4-rfc1918;system-ipv4-stable-30d;system-ipv4-stable-90d;system-ipv4-stable-1d;5g;system-software
node_02173,mobile;nat64;ipv4;ipv6;system-resolves-a-correctly;system-resolves-aaaa-correctly;system-ipv4-works;system-ipv6-works;known-ipv6-issues;system-ipv4-capable;system-ipv6-capable;system-ipv6-ula;system-ipv4-rfc1918;ipv6nat;system-ipv6-stable-30d;system-ipv6-stable-1d;system-ipv4-stable-30d;system-ipv4-stable-90d;system-ipv6-stable-90d;system-ipv4-stable-1d;t-mobile;5g;system-software
node_02174,fibre;dual-stack;ipv4;ipv6;system-ipv4-capable;system-ipv6-capable;system-ipv4-rfc1918;t-mobile;system-software;docker
node_02175,mobile;system-resolves-a-correctly;system-resolves-aaaa-correctly;system-ipv4-works;lte;system-ipv4-capable;system-ipv4-rfc1918;homelab;no-ipv6;system-ipv4-stable-30d;system-ipv4-stable-90d;system-ipv4-stable-1d;system-software
node_02176,mobile;system-resolves-a-correctly;system-resolves-aaaa-correctly;system-ipv4-works;system-ipv6-works;telekom;system-ipv4-capable;system-ipv6-capable;system-ipv4-rfc1918;4g;system-ipv6-stable-1d;system-ipv4-stable-90d;system-ipv6-stable-90d;system-ipv4-stable-1d;5g;system-software
node_02177,home;nat;ipv4;system-resolves-a-correctly;system-resolves-aaaa-correctly;system-ipv4-works;system-ipv4-capable;system-ipv4-rfc1918;4g;homelab;no-ipv6;system-ipv4-stable-1d;system-software;docker;tdd-lte;irancell-2
node_02178,system-resolves-a-correctly;system-resolves-aaaa-correctly;system-ipv4-works;system-ipv6-works;lte;system-ipv4-capable;system-ipv6-capable;system-ipv4-rfc1918;system-ipv6-stable-30d;system-ipv6-stable-1d;system-ipv4-stable-30d;system-ipv4-stable-1d;system-software;raspberry-pi;fastgr_probes;as211186-2
node_02179,mobile;nat;ipv4;system-resolves-a-correctly;system-resolves-aaaa-correctly;system-ipv4-works;system-ipv4-capable;system-ipv6-capable;system-ipv6-ula;system-ipv4-rfc1918;no-ipv6;system-ipv4-stable-30d;system-ipv4-stable-90d;system-ipv4-stable-1d;t-mobile;5g;system-software
node_02180,ipv6-tunnel;dual-stack;system-resolves-a-correctly;system-resolves-aaaa-correctly;system-ipv4-works;system-ipv6-works;lte;native-ipv4;system-ipv4-capable;system-ipv6-capable;system-ipv4-rfc1918;system-ipv6-stable-1d;system-ipv4-stable-1d;5g;system-software;prod-2;openwrt-3
node_02181,mobile;native-ipv6;ipv4;ipv6;wireless-isp;hackerspace;double-nat;system-resolves-a-correctly;system-resolves-aaaa-correctly;system-ipv4-works;system-ipv6-doesnt-work;cgn;lte;system-ipv4-capable;system-ipv6-capable;system-ipv4-rfc1918;4g;homelab;system-ipv6-stable-30d;system-ipv4-stable-30d;system-ipv4-stable-90d;5g;system-software;orange-pi;dito-telecommunity
node_02182,fibre;home;nat;ipv4;fttc;ftth;isp;cgn;system-ipv4-capable;wi-fi;5g;system-software
node_02098,system-resolves-a-correctly;system-resolves-aaaa-correctly;system-ipv4-works;system-ipv4-capable;system-ipv4-rfc1918;system-ipv4-stable-30d;system-ipv4-stable-90d;system-ipv4-stable-1d;5g;system-software;docker
node_02183,system-resolves-a-correctly;system-resolves-aaaa-correctly;system-ipv4-works;lte;system-ipv4-capable;system-ipv4-rfc1918;4g;system-ipv4-stable-30d;system-ipv4-stable-90d;system-ipv4-stable-1d;t-mobile;system-software
node_02184,mobile;nat;system-resolves-a-correctly;system-resolves-aaaa-correctly;system-ipv4-works;system-auto-geoip-country;system-ipv4-capable;system-ipv4-rfc1918;no-ipv6;system-ipv4-stable-1d;system-software
node_02185,system-resolves-a-correctly;system-resolves-aaaa-correctly;system-ipv4-works;system-ipv4-capable;system-ipv4-rfc1918;4g;system-ipv4-stable-30d;system-ipv4-stable-90d;system-ipv4-stable-1d;cgnat;system-software;ee-2
node_02186,datacentre;nat;ipv4;system-resolves-a-correctly;system-resolves-aaaa-correctly;system-ipv4-works;lte;system-ipv4-capable;system-ipv4-rfc1918;ups;4g;system-ipv4-stable-30d;system-ipv4-stable-90d;system-ipv4-stable-1d;system-software
node_02187,home;dual-stack;ipv4;ipv6;wireless-isp;464xlat;double-nat;cgn;system-ipv4-capable;system-ipv6-capable;system-ipv4-rfc1918;t-mobile;5g;system-software;openwrt-3
node_02188,mobile;native-ipv6;ipv4;ipv6;wireless-isp;hackerspace;double-nat;system-resolves-a-correctly;system-resolves-aaaa-correctly;system-ipv4-works;system-ipv6-doesnt-work;cgn;lte;system-ipv4-capable;system-ipv6-capable;system-ipv4-rfc1918;4g;homelab;system-ipv6-stable-30d;system-ipv6-stable-1d;system-ipv4-stable-30d;system-ipv4-stable-1d;5g;system-software;orange-pi;dito-telecommunity
node_02189,mobile;ipv4;free;system-resolves-a-correctly;system-resolves-aaaa-correctly;system-ipv4-works;system-ipv4-capable;system-ipv4-rfc1918;4g;system-ipv4-stable-30d;system-ipv4-stable-90d;system-ipv4-stable-1d;system-software
node_02190,nat;system-resolver-mangles-case;system-ipv4-works;system-ipv4-capable;system-ipv4-rfc1918;4g;system-ipv4-stable-30d;system-ipv4-stable-90d;system-ipv4-stable-1d;5g;system-software;prod-2
node_02191,home;wireless-isp;system-resolves-a-correctly;system-resolves-aaaa-correctly;system-ipv4-works;system-ipv6-works;system-auto-geoip-city;system-ipv4-capable;system-ipv6-capable;system-ipv4-rfc1918;5g;system-software;openwrt-3
node_02192,system-resolves-a-correctly;system-resolves-aaaa-correctly;system-ipv4-works;system-ipv4-capable;system-ipv4-rfc1918;system-ipv4-stable-30d;system-ipv4-stable-90d;system-ipv4-stable-1d;5g;system-software;proxmox-2
node_02193,home;nat;native-ipv6;dual-stack;orange;system-resolves-a-correctly;system-resolves-aaaa-correctly;system-ipv4-works;system-ipv6-works;lte;system-ipv4-capable;system-ipv6-capable;system-ipv4-rfc1918;system-ipv6-stable-30d;system-ipv6-stable-1d;system-ipv4-stable-30d;system-ipv4-stable-1d;system-software;docker
node_02181,mobile;nat;wireless-isp;system-resolves-a-correctly;system-resolves-aaaa-correctly;system-ipv4-works;system-ipv6-doesnt-work;lte;system-ipv4-capable;system-ipv6-capable;system-ipv4-rfc1918;ups;4g;homelab;pldt;system-ipv6-stable-30d;system-ipv4-stable-30d;5g;system-software;orange-pi
node_02188,mobile;nat;ipv4;ipv6;wireless-isp;system-resolves-a-correctly;system-resolves-aaaa-correctly;system-ipv4-works;system-ipv6-doesnt-work;lte;system-ipv4-capable;system-ipv6-capable;system-ipv4-rfc1918;4g;homelab;system-ipv6-stable-30d;system-ipv6-stable-1d;system-ipv4-stable-30d;system-ipv4-stable-1d;5g;system-software;orange-pi;dito-telecommunity
node_02194,system-resolves-a-correctly;system-resolves-aaaa-correctly;system-ipv4-works;lte;system-auto-geoip-city;system-ipv4-capable;system-ipv4-rfc1918;4g;att;system-ipv4-stable-1d;system-software
node_02195,system-resolves-a-correctly;system-resolves-aaaa-correctly;system-ipv4-works;system-ipv6-works;system-auto-geoip-city;system-ipv4-capable;system-ipv6-capable;system-ipv6-stable-30d;system-ipv6-stable-1d;system-ipv4-stable-30d;system-ipv4-stable-1d;t-mobile;system-software
node_02196,home;nat;system-resolves-a-correctly;system-resolves-aaaa-correctly;system-ipv4-works;lte;system-ipv4-capable;system-ipv4-rfc1918;system-ipv4-stable-1d;system-software;docker
node_02197,system-resolves-a-correctly;system-resolves-aaaa-correctly;system-ipv4-works;system-auto-geoip-city;system-ipv4-capable;system-ipv4-rfc1918;4g;system-ipv4-stable-30d;system-ipv4-stable-1d;system-software
node_02198,mobile;nat;system-resolves-a-correctly;system-resolves-aaaa-correctly;system-ipv4-works;system-ipv6-works;lte;system-ipv4-capable;system-ipv6-capable;system-ipv6-ula;system-ipv4-rfc1918;ipv6nat;system-ipv6-stable-1d;system-ipv4-stable-1d;t-mobile;system-software
node_02199,system-resolves-a-correctly;system-resolves-aaaa-correctly;system-ipv4-works;system-ipv6-works;system-ipv4-capable;system-ipv6-capable;system-ipv4-rfc1918;system-ipv6-stable-1d;system-ipv4-stable-1d;t-mobile;system-software
